AAHED,1
AALII,2
AARGH,2
ABACA,2
ABACI,3
ABACK,4
ABAFT,3
ABAKA,3
ABAMP,4
ABASE,2
ABASH,2
ABATE,3
ABAYA,4
ABBAS,3
ABBES,2
ABBEY,3
ABBOT,2
ABEAM,3
ABELE,2
ABETS,3
ABHOR,2
ABIDE,2
ABLED,2
ABLER,3
ABLES,3
ABMHO,2
ABODE,3
ABOHM,3
ABOIL,3
ABOMA,3
ABOON,3
ABORT,3
ABOUT,4
ABOVE,3
ABRIS,3
ABUSE,4
ABUTS,3
ABUZZ,4
ABYES,4
ABYSM,4
ABYSS,4
ACARI,3
ACERB,3
ACETA,3
ACHED,2
ACHES,2
ACHOO,3
ACIDS,2
ACIDY,3
ACING,3
ACINI,4
ACKEE,3
ACMES,3
ACMIC,4
ACNED,3
ACNES,4
ACOCK,3
ACOLD,2
ACORN,4
ACRED,4
ACRES,5
ACRID,3
ACTED,5
ACTIN,3
ACTOR,3
ACUTE,3
ACYLS,4
ADAGE,2
ADAPT,2
ADDAX,3
ADDED,4
ADDER,2
ADDLE,3
ADEEM,3
ADEPT,3
ADIEU,4
ADIOS,3
ADITS,4
ADMAN,4
ADMEN,4
ADMIT,3
ADMIX,4
ADOBE,3
ADOBO,3
ADOPT,4
ADORE,4
ADORN,5
ADOWN,6
ADOZE,5
ADULT,4
ADUNC,3
ADUST,3
ADYTA,3
ADZED,5
ADZES,5
AECIA,4
AEDES,3
AEGIS,3
AEONS,4
AERIE,3
AFARS,3
AFFIX,4
AFIRE,4
AFOOT,3
AFORE,5
AFOUL,4
AFRIT,3
AFTER,4
AGAIN,4
AGAMA,3
AGAPE,3
AGARS,4
AGATE,4
AGAVE,5
AGAZE,6
AGENE,3
AGENT,3
AGERS,4
AGGER,5
AGGIE,5
AGGRO,4
AGHAS,2
AGILE,3
AGING,4
AGIOS,3
AGISM,4
AGIST,4
AGITA,3
AGLEE,4
AGLET,5
AGLEY,5
AGLOW,4
AGMAS,3
AGONE,5
AGONS,5
AGONY,6
AGORA,4
AGREE,5
AGRIA,4
AGUES,4
AHEAD,2
AHING,3
AHOLD,2
AHULL,4
AIDED,5
AIDER,3
AIDES,4
AILED,3
AIMED,5
AIMER,6
AIOLI,5
AIRED,6
AIRER,7
AIRNS,4
AIRTH,4
AIRTS,4
AISLE,4
AITCH,5
AIVER,8
AJIVA,4
AJUGA,4
AKEES,5
AKELA,4
AKENE,4
ALACK,3
ALAMO,5
ALAND,2
ALANE,4
ALANG,5
ALANS,4
ALANT,5
ALARM,4
ALARY,5
ALATE,5
ALBAS,3
ALBUM,3
ALCID,3
ALDER,4
ALDOL,4
ALECS,3
ALEFS,4
ALEPH,2
ALERT,4
ALFAS,4
ALGAE,3
ALGAL,4
ALGAS,4
ALGID,3
ALGIN,4
ALGOR,4
ALGUM,4
ALIAS,5
ALIBI,3
ALIEN,6
ALIFS,4
ALIGN,4
ALIKE,3
ALINE,4
ALIST,5
ALIVE,5
ALIYA,5
ALKIE,4
ALKYD,4
ALKYL,4
ALLAY,4
ALLEE,5
ALLEY,6
ALLOD,3
ALLOT,4
ALLOW,4
ALLOY,5
ALLYL,5
ALMAH,3
ALMAS,4
ALMEH,2
ALMES,4
ALMUD,5
ALMUG,4
ALOES,6
ALOFT,3
ALOHA,3
ALOIN,6
ALONE,4
ALONG,6
ALOOF,5
ALOUD,3
ALPHA,4
ALTAR,5
ALTER,5
ALTHO,3
ALTOS,4
ALULA,4
ALUMS,5
ALWAY,5
AMAHS,3
AMAIN,5
AMASS,5
AMAZE,5
AMBER,3
AMBIT,3
AMBLE,3
AMBOS,3
AMBRY,4
AMEBA,3
AMEER,4
AMEND,2
AMENS,4
AMENT,4
AMIAS,4
AMICE,4
AMICI,4
AMIDE,3
AMIDO,3
AMIDS,3
AMIES,4
AMIGA,4
AMIGO,5
AMINE,5
AMINO,5
AMINS,4
AMIRS,5
AMISS,6
AMITY,5
AMMOS,4
AMNIA,4
AMNIC,4
AMNIO,6
AMOKS,4
AMOLE,4
AMONG,6
AMORT,4
AMOUR,5
AMPED,6
AMPLE,5
AMPLY,5
AMPUL,5
AMUCK,4
AMUSE,4
AMYLS,6
ANCHO,4
ANCON,5
ANDRO,4
ANEAR,4
ANELE,3
ANENT,5
ANGAS,5
ANGEL,6
ANGER,6
ANGLE,4
ANGLO,5
ANGRY,4
ANGST,4
ANILE,4
ANILS,4
ANIMA,6
ANIME,6
ANIMI,5
ANION,4
ANISE,6
ANKHS,3
ANKLE,5
ANKUS,4
ANLAS,5
ANNAL,5
ANNAS,5
ANNEX,6
ANNOY,6
ANNUL,5
ANOAS,6
ANODE,3
ANOLE,5
ANOMY,6
ANSAE,3
ANTAE,4
ANTAS,7
ANTED,4
ANTES,7
ANTIC,4
ANTIS,4
ANTRA,4
ANTRE,4
ANTSY,4
ANVIL,4
ANYON,6
AORTA,4
APACE,4
APART,5
APEAK,5
APEEK,4
APERS,4
APERY,5
APHID,2
APHIS,3
APIAN,5
APING,5
APISH,4
APNEA,2
APODS,3
APORT,5
APPAL,6
APPEL,7
APPLE,6
APPLY,6
APRES,8
APRON,6
APSES,9
APSIS,5
APTER,6
APTLY,4
AQUAE,5
AQUAS,6
ARAKS,4
ARAME,6
ARBOR,4
ARCED,4
ARCUS,5
ARDEB,3
ARDOR,5
AREAE,6
AREAL,5
AREAS,3
ARECA,4
AREIC,5
ARENA,5
ARENE,5
AREPA,6
ARETE,4
ARGAL,5
ARGIL,4
ARGLE,5
ARGOL,5
ARGON,5
ARGOT,5
ARGUE,4
ARGUS,5
ARHAT,3
ARIAS,7
ARIEL,5
ARILS,5
ARISE,5
ARLES,7
ARMED,6
ARMER,7
ARMET,5
ARMOR,6
AROID,3
AROMA,5
AROSE,5
ARPEN,6
ARRAS,8
ARRAY,5
ARRIS,6
ARROW,5
ARSES,9
ARSIS,6
ARSON,4
ARTAL,7
ARTEL,5
ARTSY,5
ARUMS,5
ARVAL,8
ARVOS,5
ARYLS,6
ASANA,4
ASCOT,6
ASCUS,6
ASDIC,3
ASHED,3
ASHEN,3
ASHES,3
ASIDE,4
ASKED,6
ASKER,3
ASKEW,4
ASKOI,4
ASKOS,6
ASPEN,4
ASPER,4
ASPIC,4
ASPIS,6
ASSAI,4
ASSAY,5
ASSES,9
ASSET,5
ASTER,5
ASTIR,4
ASYLA,5
ATAPS,6
ATAXY,6
ATILT,5
ATLAS,6
ATMAN,4
ATMAS,5
ATOLL,3
ATOMS,4
ATOMY,5
ATONE,5
ATONY,5
ATOPY,6
ATRIA,4
ATRIP,4
ATTAR,6
ATTIC,4
AUDAD,3
AUDIO,4
AUDIT,4
AUGER,7
AUGHT,4
AUGUR,6
AULIC,5
AUNTS,4
AUNTY,5
AURAE,6
AURAL,8
AURAR,7
AURAS,7
AUREI,6
AURES,5
AURIC,6
AURIS,7
AURUM,6
AUTOS,5
AUXIN,5
AVAIL,5
AVANT,6
AVAST,4
AVENS,5
AVERS,5
AVERT,4
AVGAS,6
AVIAN,6
AVION,5
AVISO,6
AVOID,4
AVOWS,6
AWAIT,6
AWAKE,6
AWARD,3
AWARE,7
AWASH,3
AWFUL,6
AWING,6
AWNED,4
AWOKE,6
AWOLS,6
AXELS,3
AXIAL,8
AXILE,5
AXILS,6
AXING,7
AXIOM,5
AXION,6
AXITE,4
AXLED,4
AXLES,8
AXMAN,5
AXMEN,7
AXONE,6
AXONS,6
AYAHS,4
AYINS,5
AZANS,5
AZIDE,5
AZIDO,4
AZINE,6
AZLON,5
AZOIC,4
AZOLE,6
AZONS,7
AZOTE,5
AZOTH,3
AZUKI,5
AZURE,5
BAAED,2
BAALS,2
BABAS,3
BABEL,2
BABES,3
BABKA,3
BABOO,2
BABUL,3
BABUS,4
BACCA,4
BACKS,3
BACON,3
BADDY,2
BADGE,2
BADLY,3
BAFFS,4
BAFFY,4
BAGEL,3
BAGGY,5
BAHTS,2
BAILS,5
BAIRN,5
BAITH,2
BAITS,6
BAIZA,5
BAIZE,2
BAKED,2
BAKER,3
BAKES,4
BALAS,3
BALDS,3
BALDY,3
BALED,3
BALER,3
BALES,4
BALKS,4
BALKY,4
BALLS,6
BALLY,6
BALMS,6
BALMY,7
BALSA,3
BANAL,3
BANCO,3
BANDA,2
BANDS,4
BANDY,4
BANED,4
BANES,4
BANGS,6
BANJO,4
BANKS,5
BANNS,7
BANTY,7
BARBE,3
BARBS,3
BARCA,5
BARDE,3
BARDS,5
BARED,5
BARER,4
BARES,4
BARFS,5
BARGE,4
BARIC,4
BARKS,6
BARKY,5
BARMS,7
BARMY,8
BARNS,7
BARNY,8
BARON,4
BARRE,5
BARYE,6
BASAL,4
BASED,6
BASER,5
BASES,5
BASIC,4
BASIL,4
BASIN,5
BASIS,6
BASKS,7
BASSI,5
BASSO,4
BASSY,5
BASTE,4
BASTS,8
BATCH,3
BATED,7
BATES,6
BATHE,2
BATHS,3
BATIK,4
BATON,5
BATTS,9
BATTU,6
BATTY,8
BAUDS,6
BAULK,5
BAWDS,7
BAWDY,5
BAWLS,7
BAWTY,9
BAYED,8
BAYOU,4
BAZAR,4
BAZOO,3
BEACH,2
BEADS,2
BEADY,3
BEAKS,2
BEAKY,3
BEAMS,3
BEAMY,3
BEANO,4
BEANS,4
BEARD,2
BEARS,5
BEAST,3
BEATS,6
BEAUS,7
BEAUT,5
BEAUX,6
BEBOP,2
BECAP,3
BECKS,3
BEDEL,2
BEDEW,3
BEDIM,2
BEECH,2
BEEDI,3
BEEFS,4
BEEFY,4
BEEPS,3
BEERS,5
BEERY,5
BEETS,6
BEFIT,5
BEFOG,3
BEGAN,4
BEGAT,5
BEGET,2
BEGIN,5
BEGOT,4
BEGUM,6
BEGUN,6
BEIGE,5
BEIGY,5
BEING,6
BELAY,5
BELCH,3
BELGA,4
BELIE,6
BELLE,6
BELLS,5
BELLY,6
BELON,4
BELOW,5
BELTS,6
BEMAS,3
BEMIX,6
BENCH,4
BENDS,3
BENDY,4
BENES,3
BENNE,7
BENNI,6
BENNY,7
BENTO,3
BENTS,6
BERET,3
BERGS,7
BERKS,4
BERME,8
BERMS,8
BERRY,8
BERTH,3
BERYL,5
BESES,4
BESET,4
BESOM,5
BESOT,6
BESTS,7
BETAS,4
BETEL,3
BETHS,3
BETON,5
BETTA,5
BEVEL,4
BEVOR,6
BEWIG,6
BEZEL,5
BEZIL,7
BHANG,2
BHOOT,2
BHUTS,3
BIALI,2
BIALY,3
BIBBS,2
BIBLE,3
BICEP,3
BICES,4
BIDDY,2
BIDED,2
BIDER,3
BIDES,4
BIDET,5
BIDIS,3
BIELD,2
BIERS,3
BIFFS,3
BIFFY,3
BIFID,2
BIGGY,4
BIGHT,3
BIGLY,5
BIGOS,4
BIGOT,4
BIJOU,5
BIKED,3
BIKER,4
BIKES,5
BIKIE,4
BILBO,3
BILBY,4
BILES,5
BILGE,5
BILGY,5
BILKS,5
BILLS,6
BILLY,5
BIMAH,3
BIMAS,3
BIMBO,4
BINAL,3
BINDI,3
BINDS,4
BINER,5
BINES,6
BINGE,6
BINGO,5
BINIT,5
BINTS,6
BIOGS,5
BIOME,3
BIONT,5
BIOTA,4
BIPED,4
BIPOD,3
BIRCH,3
BIRDS,4
BIRKS,6
BIRLE,4
BIRLS,6
BIROS,5
BIRRS,7
BIRSE,4
BIRTH,3
BISES,7
BISKS,7
BISON,3
BITCH,4
BITER,3
BITES,4
BITSY,4
BITTS,7
BITTY,6
BIZES,8
BLABS,3
BLACK,4
BLADE,3
BLAFF,5
BLAHS,3
BLAIN,3
BLAME,3
BLAMS,4
BLAND,2
BLANK,5
BLARE,4
BLASE,3
BLAST,4
BLATE,5
BLATS,5
BLAWN,6
BLAWS,6
BLAZE,6
BLEAK,3
BLEAR,3
BLEAT,4
BLEBS,3
BLEED,3
BLEEP,3
BLEND,3
BLENT,4
BLESS,4
BLEST,4
BLETS,5
BLIMP,3
BLIMY,4
BLIND,3
BLINI,4
BLINK,5
BLIPS,3
BLISS,4
BLITE,4
BLITZ,5
BLOAT,3
BLOBS,3
BLOCK,3
BLOCS,3
BLOGS,4
BLOKE,4
BLOND,3
BLOOD,4
BLOOM,4
BLOOP,5
BLOTS,5
BLOWN,5
BLOWS,6
BLOWY,6
BLUBS,4
BLUED,4
BLUER,4
BLUES,5
BLUET,3
BLUEY,6
BLUFF,4
BLUME,4
BLUNT,5
BLURB,3
BLURS,4
BLURT,6
BLUSH,4
BLYPE,3
BOARD,3
BOARS,3
BOART,4
BOAST,4
BOATS,4
BOBBY,3
BOCCE,4
BOCCI,4
BOCHE,3
BOCKS,4
BODED,3
BODES,4
BOFFO,4
BOFFS,4
BOGAN,3
BOGEY,3
BOGGY,5
BOGIE,4
BOGLE,5
BOGUS,5
BOHEA,2
BOHOS,2
BOILS,4
BOING,4
BOINK,5
BOITE,5
BOLAR,4
BOLAS,5
BOLDS,3
BOLES,5
BOLLS,4
BOLOS,5
BOLTS,6
BOLUS,7
BOMBE,3
BOMBS,4
BONDS,4
BONED,4
BONER,5
BONES,5
BONEY,6
BONGO,5
BONGS,6
BONKS,6
BONNE,6
BONNY,6
BONUS,6
BONZE,7
BOOBS,4
BOOBY,3
BOODY,3
BOOED,5
BOOGY,4
BOOKS,4
BOOMS,5
BOOMY,5
BOONS,6
BOORS,7
BOOST,3
BOOTH,3
BOOTS,8
BOOTY,6
BOOZE,5
BOOZY,7
BORAL,5
BORAS,4
BORAX,5
BORED,6
BORER,6
BORES,5
BORIC,5
BORKS,7
BORNE,7
BORON,5
BORTS,7
BORTY,7
BORTZ,6
BOSKS,8
BOSKY,4
BOSOM,4
BOSON,5
BOSSY,4
BOSUN,5
BOTAS,5
BOTCH,3
BOTEL,4
BOTHY,4
BOTTS,8
BOUGH,3
BOULE,6
BOUND,4
BOURG,6
BOURN,7
BOUSE,7
BOUSY,5
BOUTS,6
BOVID,3
BOWED,7
BOWEL,6
BOWER,7
BOWLS,5
BOWSE,8
BOXED,8
BOXER,8
BOXES,6
BOYAR,5
BOYLA,3
BOYOS,8
BOZOS,9
BRACE,4
BRACH,4
BRACT,4
BRADS,2
BRAES,2
BRAGS,4
BRAID,4
BRAIL,4
BRAIN,3
BRAKE,3
BRAKY,5
BRAND,3
BRANK,6
BRANS,5
BRANT,5
BRASH,4
BRASS,6
BRATS,7
BRAVA,2
BRAVE,5
BRAVI,3
BRAVO,4
BRAWL,4
BRAWN,6
BRAWS,8
BRAXY,6
BRAYS,9
BRAZA,3
BRAZE,6
BREAD,3
BREAK,4
BREAM,4
BREDE,3
BREED,4
BREES,4
BRENS,4
BRENT,4
BREVE,5
BREWS,5
BRIAR,3
BRIBE,4
BRICK,5
BRIDE,3
BRIEF,4
BRIER,5
BRIES,6
BRIGS,4
BRILL,4
BRIMS,5
BRINE,4
BRING,5
BRINK,5
BRINS,6
BRINY,6
BRIOS,7
BRISK,3
BRISS,8
BRITH,4
BRITS,9
BRITT,6
BROAD,3
BROCK,4
BROIL,4
BROKE,5
BROME,4
BROMO,5
BRONC,4
BROOD,4
BROOK,4
BROOM,6
BROOS,5
BROSE,6
BROSY,4
BROTH,3
BROWN,5
BROWS,5
BRUGH,4
BRUIN,5
BRUIT,6
BRUME,4
BRUNG,4
BRUNT,5
BRUSH,5
BRUSK,4
BRUTE,5
BRUTS,4
BUBAL,4
BUBBA,4
BUBBY,4
BUBUS,3
BUCKO,4
BUCKS,4
BUDDY,3
BUDGE,3
BUFFI,5
BUFFO,5
BUFFS,5
BUFFY,5
BUGGY,5
BUGLE,5
BUHLS,3
BUHRS,4
BUILD,4
BUILT,5
BULBS,4
BULGE,6
BULGY,4
BULKS,4
BULKY,4
BULLA,4
BULLS,5
BULLY,5
BUMFS,6
BUMPH,5
BUMPS,6
BUMPY,6
BUNAS,4
BUNCH,4
BUNCO,4
BUNDS,4
BUNDT,4
BUNGS,7
BUNKO,4
BUNKS,8
BUNNS,9
BUNNY,5
BUNTS,5
BUNYA,4
BUOYS,6
BUPPY,7
BURAN,4
BURAS,4
BURBS,4
BURDS,5
BURET,4
BURGH,4
BURGS,5
BURIN,6
BURKA,5
BURKE,5
BURLS,5
BURLY,5
BURNS,6
BURNT,5
BURPS,7
BURQA,6
BURRO,5
BURRS,8
BURRY,5
BURSA,7
BURSE,4
BURST,4
BUSBY,3
BUSED,5
BUSES,5
BUSHY,4
BUSKS,8
BUSTS,6
BUSTY,4
BUTCH,4
BUTEO,5
BUTES,5
BUTLE,6
BUTTE,5
BUTTS,7
BUTTY,7
BUTUT,6
BUTYL,5
BUXOM,5
BUYER,5
BWANA,3
BYLAW,5
BYRES,6
BYRLS,5
BYSSI,4
BYTES,6
BYWAY,5
CABAL,3
CABBY,3
CABER,3
CABIN,3
CABLE,3
CABOB,3
CACAO,3
CACAS,3
CACHE,3
CACTI,3
CADDY,3
CADES,2
CADET,3
CADGE,3
CADGY,3
CADIS,3
CADRE,3
CAECA,2
CAFES,3
CAFFS,4
CAGED,3
CAGER,4
CAGES,4
CAGEY,5
CAHOW,3
CAIDS,3
CAINS,4
CAIRD,2
CAIRN,5
CAJON,3
CAKED,3
CAKES,5
CAKEY,5
CALFS,5
CALIF,5
CALIX,6
CALKS,5
CALLA,3
CALLS,6
CALMS,7
CALOS,4
CALVE,3
CALYX,5
CAMAS,4
CAMEL,3
CAMEO,6
CAMES,6
CAMOS,5
CAMPI,4
CAMPO,3
CAMPS,6
CAMPY,6
CANAL,3
CANDY,3
CANED,4
CANER,5
CANES,7
CANID,3
CANNA,4
CANNY,7
CANOE,4
CANON,4
CANSO,4
CANST,4
CANTO,5
CANTS,4
CANTY,5
CAPED,5
CAPER,6
CAPES,8
CAPHS,3
CAPIZ,6
CAPON,5
CAPOS,6
CAPUT,5
CARAT,4
CARBO,3
CARBS,3
CARDS,4
CARED,6
CARER,7
CARES,9
CARET,5
CAREX,6
CARGO,5
CARKS,6
CARLE,4
CARLS,6
CARNS,7
CARNY,8
CAROB,3
CAROL,5
CAROM,5
CARPI,5
CARPS,7
CARRS,8
CARRY,8
CARSE,5
CARTE,6
CARTS,5
CARVE,4
CASAS,5
CASED,7
CASES,10
CASKS,7
CASKY,5
CASTE,6
CASTS,6
CASUS,8
CATCH,3
CATER,8
CATES,11
CATTY,5
CAULD,3
CAULK,6
CAULS,7
CAUSE,6
CAVED,8
CAVER,9
CAVES,12
CAVIE,3
CAVIL,6
CAWED,9
CEASE,3
CEBID,3
CECAL,3
CECUM,3
CEDAR,3
CEDED,3
CEDER,3
CEDES,4
CEDIS,3
CEIBA,3
CEILI,4
CEILS,5
CELEB,3
CELLA,4
CELLI,5
CELLO,3
CELLS,5
CELOM,3
CELTS,5
CENSE,5
CENTO,4
CENTS,6
CENTU,4
CEORL,4
CEPES,3
CERCI,4
CERED,3
CERES,4
CERIA,4
CERIC,5
CEROS,4
CESTA,3
CESTI,5
CETES,3
CHADS,2
CHAFE,3
CHAFF,3
CHAIN,3
CHAIR,4
CHAIS,5
CHALK,5
CHAMP,6
CHAMS,7
CHANG,3
CHANT,3
CHAOS,7
CHAPE,4
CHAPS,7
CHAPT,8
CHARD,2
CHARE,5
CHARK,5
CHARM,6
CHARR,5
CHARS,7
CHART,8
CHARY,9
CHASE,6
CHASM,7
CHATS,8
CHAWS,9
CHAYS,10
CHEAP,3
CHEAT,4
CHECK,3
CHEEK,2
CHEEP,3
CHEER,4
CHEFS,3
CHELA,4
CHEMO,4
CHERT,5
CHESS,4
CHEST,4
CHETH,3
CHEVY,6
CHEWS,5
CHEWY,7
CHIAO,3
CHIAS,4
CHICA,4
CHICK,3
CHICO,3
CHICS,4
CHIDE,2
CHIEF,3
CHIEL,4
CHILD,2
CHILE,3
CHILI,4
CHILL,5
CHIMB,3
CHIME,4
CHIMP,5
CHINA,3
CHINE,5
CHINK,4
CHINO,4
CHINS,6
CHIPS,6
CHIRK,5
CHIRM,6
CHIRO,5
CHIRP,6
CHIRR,7
CHIRU,8
CHITS,3
CHIVE,6
CHIVY,8
CHOCK,3
CHOIR,4
CHOKE,4
CHOKY,4
CHOLA,4
CHOLO,3
CHOMP,5
CHOOK,3
CHOPS,6
CHORD,3
CHORE,5
CHOSE,6
CHOTT,3
CHOWS,6
CHUBS,4
CHUCK,4
CHUFA,4
CHUFF,4
CHUGS,5
CHUMP,6
CHUMS,6
CHUNK,4
CHURL,7
CHURN,8
CHURR,9
CHUTE,5
CHYLE,4
CHYME,6
CIBOL,3
CIDER,3
CIGAR,3
CILIA,3
CIMEX,3
CINCH,3
CINES,4
CIONS,3
CIRCA,4
CIRES,5
CIRRI,3
CISCO,3
CISSY,4
CISTS,4
CITED,3
CITER,3
CITES,4
CIVET,3
CIVIC,4
CIVIE,3
CIVIL,5
CIVVY,4
CLACH,3
CLACK,3
CLADE,3
CLADS,3
CLAGS,4
CLAIM,3
CLAMP,5
CLAMS,5
CLANG,5
CLANK,4
CLANS,6
CLAPS,7
CLAPT,6
CLARO,6
CLARY,7
CLASH,4
CLASP,5
CLASS,8
CLAST,6
CLAVE,3
CLAVI,3
CLAWS,9
CLAYS,10
CLEAN,3
CLEAR,4
CLEAT,5
CLEEK,3
CLEFS,4
CLEFT,5
CLEPE,3
CLEPT,4
CLERK,5
CLEWS,5
CLICK,3
CLIFF,4
CLIFT,5
CLIMB,3
CLIME,4
CLINE,5
CLING,5
CLINK,4
CLIPS,3
CLIPT,6
CLOAK,3
CLOCK,3
CLODS,3
CLOGS,3
CLOMB,3
CLOMP,4
CLONE,3
CLONK,4
CLONS,4
CLOOT,5
CLOPS,5
CLOSE,4
CLOTH,3
CLOTS,6
CLOUD,3
CLOUR,6
CLOUT,6
CLOVE,5
CLOWN,7
CLOYS,7
CLOZE,6
CLUBS,3
CLUCK,4
CLUED,4
CLUES,4
CLUMP,4
CLUNG,5
CLUNK,4
CNIDA,3
COACH,4
COACT,3
COALA,3
COALS,3
COALY,4
COAPT,4
COAST,5
COATI,3
COATS,4
COBBS,3
COBBY,3
COBIA,3
COBLE,3
COBRA,3
COCAS,3
COCCI,4
COCKS,4
COCKY,4
COCOA,4
COCOS,5
CODAS,3
CODEC,4
CODED,4
CODEN,5
CODER,4
CODES,6
CODEX,7
CODON,3
COEDS,3
COFFS,5
COGON,4
COHOG,3
COHOS,3
COIFS,4
COIGN,4
COILS,4
COINS,5
COIRS,6
COKED,5
COKES,5
COLAS,4
COLBY,3
COLDS,4
COLED,5
COLES,5
COLIC,4
COLIN,4
COLLY,4
COLOG,5
COLON,6
COLOR,7
COLTS,4
COLZA,4
COMAE,4
COMAL,5
COMAS,4
COMBE,3
COMBO,4
COMBS,4
COMER,4
COMES,5
COMET,4
COMFY,5
COMIC,4
COMIX,4
COMMA,4
COMMY,6
COMPO,5
COMPS,6
COMPT,6
COMTE,4
CONCH,3
CONDO,4
CONED,6
CONES,6
CONEY,5
CONGA,5
CONGE,4
CONGO,5
CONIC,5
CONIN,5
CONKS,5
CONKY,4
CONNS,7
CONTE,5
CONTO,5
CONUS,8
COOCH,3
COOED,7
COOEE,4
COOER,6
COOEY,6
COOFS,4
COOKS,5
COOKY,4
COOLS,4
COOLY,4
COOMB,4
COONS,6
COOPS,7
COOPT,4
COOTS,8
COPAL,6
COPAY,4
COPED,8
COPEN,6
COPER,7
COPES,7
COPRA,6
COPSE,3
CORAL,7
CORBY,4
CORDS,4
CORED,4
CORER,8
CORES,8
CORGI,5
CORIA,3
CORKS,6
CORKY,5
CORMS,7
CORNS,8
CORNU,5
CORNY,6
CORPS,7
CORSE,5
COSEC,5
COSES,9
COSET,5
COSEY,6
COSIE,6
COSTA,4
COSTS,8
COTAN,5
COTED,9
COTES,4
COTTA,7
COUCH,4
COUDE,4
COUGH,4
COULD,4
COUNT,6
COUPE,4
COUPS,8
COURT,6
COUTH,3
COVED,10
COVEN,7
COVER,9
COVES,10
COVET,4
COVEY,7
COVIN,6
COWED,11
COWER,10
COWLS,5
COWRY,6
COXAE,5
COXAL,8
COXED,12
COXES,4
COYED,13
COYER,6
COYLY,5
COYPU,6
COZEN,8
COZES,11
COZEY,8
COZIE,6
CRAAL,3
CRABS,3
CRACK,4
CRAFT,4
CRAGS,4
CRAKE,3
CRAMP,5
CRAMS,5
CRANE,4
CRANK,6
CRAPE,5
CRAPS,6
CRASH,4
CRASS,7
CRATE,6
CRAVE,4
CRAWL,4
CRAWS,8
CRAZE,7
CRAZY,7
CREAK,3
CREAM,4
CREDO,4
CREDS,4
CREED,4
CREEK,4
CREEL,4
CREEP,4
CREME,4
CREPE,4
CREPT,4
CREPY,5
CRESS,5
CREST,5
CREWS,6
CRIBS,3
CRICK,4
CRIED,3
CRIER,4
CRIES,5
CRIME,5
CRIMP,5
CRIPE,4
CRISP,3
CRITS,5
CROAK,4
CROCI,5
CROCK,4
CROCS,5
CROFT,5
CRONE,4
CRONY,5
CROOK,4
CROON,5
CROPS,6
CRORE,4
CROSS,7
CROUP,5
CROWD,4
CROWN,6
CROWS,8
CROZE,5
CRUCK,4
CRUDE,4
CRUDS,4
CRUEL,5
CRUET,5
CRUMB,4
CRUMP,4
CRUOR,5
CRURA,4
CRUSE,5
CRUSH,4
CRUST,3
CRWTH,3
CRYPT,5
CUBBY,4
CUBEB,3
CUBED,3
CUBER,4
CUBES,5
CUBIC,3
CUBIT,4
CUDDY,3
CUFFS,4
CUIFS,5
CUING,5
CUISH,4
CUKES,5
CULCH,4
CULET,6
CULEX,4
CULLS,4
CULLY,4
CULMS,5
CULPA,4
CULTI,5
CULTS,6
CUMIN,5
CUNTS,5
CUPEL,5
CUPID,3
CUPPA,5
CUPPY,5
CURBS,4
CURCH,5
CURDS,5
CURDY,3
CURED,5
CURER,5
CURES,6
CURET,6
CURFS,5
CURIA,4
CURIE,4
CURIO,5
CURLS,5
CURLY,5
CURNS,6
CURRS,6
CURRY,5
CURSE,5
CURST,4
CURVE,4
CURVY,6
CUSEC,5
CUSHY,4
CUSKS,7
CUSPS,8
CUSSO,4
CUTCH,4
CUTER,4
CUTES,5
CUTEY,5
CUTIE,5
CUTIN,5
CUTIS,4
CUTTY,5
CUTUP,5
CUVEE,5
CYANO,4
CYANS,5
CYBER,4
CYCAD,3
CYCAS,4
CYCLE,5
CYCLO,4
CYDER,5
CYLIX,5
CYMAE,5
CYMAR,4
CYMAS,4
CYMES,5
CYMOL,5
CYNIC,5
CYSTS,5
CYTON,5
CZARS,5
DACES,3
DACHA,2
DADAS,3
DADDY,4
DADOS,3
DAFFS,3
DAFFY,3
DAGGA,3
DAGOS,4
DAHLS,2
DAILY,4
DAIRY,5
DAISY,6
DALES,3
DALLY,5
DAMAN,3
DAMAR,4
DAMES,4
DAMNS,5
DAMPS,6
DANCE,3
DANDY,3
DANGS,5
DANIO,4
DARBS,3
DARED,4
DARER,3
DARES,5
DARIC,5
DARKS,6
DARKY,5
DARNS,6
DARTS,7
DASHI,2
DASHY,3
DATED,5
DATER,4
DATES,6
DATOS,5
DATTO,5
DATUM,5
DAUBE,3
DAUBS,4
DAUBY,3
DAUNT,5
DAUTS,7
DAVEN,4
DAVIT,6
DAWED,6
DAWEN,5
DAWKS,7
DAWNS,7
DAWTS,8
DAZED,7
DAZES,7
DEADS,3
DEAIR,3
DEALS,3
DEALT,4
DEANS,4
DEARS,5
DEARY,4
DEASH,2
DEATH,3
DEAVE,5
DEBAG,3
DEBAR,4
DEBIT,3
DEBTS,3
DEBUG,4
DEBUT,4
DEBYE,5
DECAF,4
DECAL,5
DECAY,6
DECKS,3
DECOR,4
DECOS,4
DECOY,5
DECRY,5
DEDAL,4
DEEDS,4
DEEDY,4
DEEMS,3
DEEPS,5
DEERS,6
DEETS,7
DEFAT,4
DEFER,3
DEFIS,3
DEFOG,5
DEGAS,3
DEGUM,3
DEICE,3
DEIFY,4
DEIGN,5
DEILS,6
DEISM,3
DEIST,7
DEITY,5
DEKED,3
DEKES,4
DEKKO,4
DELAY,5
DELED,4
DELES,3
DELFS,5
DELFT,6
DELIS,4
DELLS,6
DELLY,5
DELTA,4
DELTS,7
DELVE,5
DEMES,5
DEMIC,3
DEMIT,4
DEMOB,3
DEMON,4
DEMOS,4
DEMUR,5
DENAR,4
DENES,6
DENIM,3
DENSE,4
DENTS,6
DEOXY,6
DEPOT,6
DEPTH,3
DERAT,4
DERAY,5
DERBY,4
DERMA,4
DERMS,4
DERRY,7
DESEX,5
DESKS,4
DETER,4
DETOX,7
DEUCE,4
DEVAS,4
DEVEL,3
DEVIL,4
DEVON,7
DEWAN,6
DEWAR,5
DEWAX,7
DEWED,5
DEXES,7
DEXIE,5
DHAKS,3
DHALS,4
DHOBI,2
DHOLE,3
DHOTI,3
DHOWS,3
DHUTI,3
DIALS,3
DIARY,3
DIAZO,3
DICED,3
DICER,3
DICES,4
DICEY,5
DICKS,3
DICKY,3
DICOT,4
DICTA,3
DICTY,4
DIDIE,3
DIDOS,3
DIDST,4
DIENE,3
DIETS,4
DIFFS,4
DIGHT,3
DIGIT,4
DIKED,4
DIKER,4
DIKES,4
DIKEY,5
DILDO,3
DILLS,5
DILLY,4
DIMER,5
DIMES,5
DIMLY,5
DINAR,3
DINED,5
DINER,6
DINES,6
DINGE,4
DINGO,5
DINGS,6
DINGY,5
DINKS,4
DINKY,4
DINOS,7
DINTS,8
DIODE,4
DIOLS,6
DIPPY,6
DIPSO,4
DIRAM,4
DIRER,7
DIRGE,5
DIRKS,5
DIRLS,7
DIRTS,7
DIRTY,7
DISCI,4
DISCO,5
DISCS,4
DISHY,4
DISKS,6
DISME,3
DITAS,4
DITCH,4
DITES,7
DITSY,8
DITTO,5
DITTY,8
DITZY,9
DIVAN,4
DIVAS,5
DIVED,6
DIVER,8
DIVES,8
DIVOT,5
DIVVY,8
DIWAN,5
DIXIT,5
DIZEN,5
DIZZY,9
DJINN,3
DJINS,4
DOATS,4
DOBBY,3
DOBIE,3
DOBLA,3
DOBRA,3
DOBRO,3
DOCKS,3
DODGE,3
DODGY,3
DODOS,3
DOERS,4
DOEST,4
DOETH,4
DOFFS,4
DOGES,4
DOGEY,5
DOGGO,4
DOGGY,3
DOGIE,3
DOGMA,4
DOILY,3
DOING,4
DOITS,4
DOJOS,5
DOLCE,4
DOLCI,4
DOLED,4
DOLES,3
DOLLS,6
DOLLY,4
DOLMA,5
DOLOR,5
DOLTS,7
DOMAL,4
DOMED,5
DOMES,5
DOMIC,5
DONAS,4
DONEE,3
DONGA,5
DONGS,7
DONNA,5
DONNE,4
DONOR,6
DONSY,5
DONUT,5
DOODY,3
DOOLY,5
DOOMS,6
DOOMY,6
DOORS,7
DOOZY,7
DOPAS,5
DOPED,6
DOPER,4
DOPES,6
DOPEY,5
DORKS,4
DORKY,7
DORMS,8
DORMY,7
DORPS,9
DORRS,10
DORSA,3
DORTY,8
DOSED,7
DOSER,5
DOSES,7
DOTAL,4
DOTED,8
DOTER,6
DOTES,8
DOTTY,8
DOUBT,4
DOUCE,5
DOUGH,3
DOULA,6
DOUMA,6
DOUMS,9
DOURA,4
DOUSE,4
DOVEN,6
DOVES,9
DOWDY,4
DOWED,9
DOWEL,3
DOWER,7
DOWIE,4
DOWNS,8
DOWNY,6
DOWRY,8
DOWSE,5
DOXIE,5
DOYEN,6
DOYLY,6
DOZED,10
DOZEN,7
DOZER,8
DOZES,10
DRABS,3
DRAFF,3
DRAFT,4
DRAGS,3
DRAIL,4
DRAIN,5
DRAKE,3
DRAMA,2
DRAMS,4
DRANK,5
DRAPE,4
DRATS,5
DRAVE,5
DRAWL,5
DRAWN,6
DRAWS,6
DRAYS,7
DREAD,3
DREAM,3
DREAR,4
DRECK,4
DREED,4
DREES,4
DREGS,4
DREKS,5
DRESS,6
DREST,4
DRIBS,3
DRIED,3
DRIER,4
DRIES,4
DRIFT,5
DRILL,5
DRILY,4
DRINK,5
DRIPS,5
DRIPT,6
DRIVE,4
DROID,4
DROIT,5
DROLL,4
DRONE,4
DROOL,5
DROOP,5
DROPS,4
DROPT,6
DROSS,5
DROUK,4
DROVE,5
DROWN,6
DRUBS,4
DRUGS,4
DRUID,4
DRUMS,5
DRUNK,4
DRUPE,4
DRUSE,4
DRYAD,4
DRYER,5
DRYLY,4
DUADS,4
DUALS,4
DUCAL,4
DUCAT,4
DUCES,4
DUCHY,3
DUCKS,4
DUCKY,5
DUCTS,4
DUDDY,4
DUDED,4
DUDES,4
DUELS,5
DUETS,6
DUFFS,5
DUFUS,6
DUITS,5
DUKED,4
DUKES,5
DULIA,4
DULLS,6
DULLY,5
DULSE,5
DUMAS,5
DUMBO,4
DUMBS,4
DUMKA,5
DUMKY,6
DUMMY,6
DUMPS,7
DUMPY,7
DUNAM,5
DUNCE,4
DUNCH,4
DUNES,6
DUNGS,5
DUNGY,4
DUNKS,4
DUNTS,8
DUOMI,5
DUOMO,5
DUPED,5
DUPER,5
DUPES,7
DUPLE,5
DURAL,4
DURAS,3
DURED,6
DURES,4
DURNS,5
DUROC,4
DUROS,5
DURRA,5
DURRS,6
DURST,4
DURUM,4
DUSKS,5
DUSKY,7
DUSTS,9
DUSTY,7
DUTCH,5
DUVET,5
DWARF,4
DWEEB,3
DWELL,4
DWELT,5
DWINE,4
DYADS,5
DYERS,5
DYING,3
DYKED,5
DYKES,6
DYKEY,6
DYNEL,4
DYNES,6
EAGER,4
EAGLE,4
EAGRE,4
EARED,5
EARLS,3
EARLY,4
EARNS,4
EARTH,3
EASED,5
EASEL,4
EASES,4
EASTS,4
EATEN,5
EATER,5
EAVED,6
EAVES,5
EBBED,4
EBBET,3
EBONS,4
EBONY,5
EBOOK,3
ECHED,2
ECHES,2
ECHOS,2
ECLAT,4
ECRUS,4
EDEMA,4
EDGED,4
EDGER,4
EDGES,5
EDICT,4
EDIFY,5
EDILE,4
EDITS,5
EDUCE,5
EDUCT,5
EERIE,4
EGADS,3
EGERS,4
EGEST,5
EGGAR,4
EGGED,4
EGGER,3
EGRET,3
EIDER,3
EIDOS,3
EIGHT,3
EIKON,3
EJECT,5
EKING,4
ELAIN,4
ELAND,3
ELANS,3
ELATE,4
ELBOW,3
ELDER,3
ELECT,6
ELEGY,5
ELEMI,5
ELFIN,4
ELIDE,5
ELINT,5
ELITE,4
ELOIN,4
ELOPE,4
ELUDE,4
ELUTE,4
ELVER,4
ELVES,5
EMAIL,4
EMBAR,3
EMBAY,4
EMBED,5
EMBER,3
EMBOW,4
EMCEE,4
EMEER,4
EMEND,3
EMERY,5
EMEUS,5
EMIRS,5
EMITS,6
EMMER,4
EMMET,3
EMMYS,5
EMOTE,4
EMPTY,4
EMYDE,3
EMYDS,4
ENACT,4
ENATE,4
ENDED,4
ENDER,4
ENDOW,4
ENDUE,4
ENEMA,4
ENEMY,5
ENJOY,4
ENNUI,5
ENOKI,4
ENOLS,4
ENORM,5
ENOWS,6
ENROL,5
ENSKY,5
ENSUE,5
ENTER,3
ENTIA,4
ENTRY,5
ENURE,5
ENVOI,4
ENVOY,5
ENZYM,5
EOSIN,4
EPACT,5
EPEES,5
EPHAH,2
EPHAS,3
EPHOD,2
EPHOR,3
EPICS,4
EPOCH,3
EPODE,4
EPOXY,4
EQUAL,4
EQUID,3
EQUIP,3
ERASE,3
ERECT,5
ERGOT,4
ERICA,4
ERNES,5
ERODE,5
EROSE,5
ERRED,4
ERROR,5
ERSES,6
ERUCT,5
ERUGO,4
ERUPT,4
ERVIL,4
ESCAR,3
ESCOT,5
ESKAR,3
ESKER,4
ESNES,5
ESSAY,4
ESSES,6
ESTER,4
ESTOP,3
ETAPE,5
ETHER,3
ETHIC,3
ETHOS,3
ETHYL,3
ETNAS,3
ETUDE,5
ETUIS,5
ETWEE,4
ETYMA,4
EUROS,5
EVADE,4
EVENS,4
EVENT,5
EVERT,5
EVERY,6
EVICT,4
EVILS,4
EVITE,4
EVOKE,6
EWERS,5
EXACT,6
EXALT,5
EXAMS,4
EXCEL,4
EXECS,5
EXERT,6
EXILE,5
EXINE,5
EXING,5
EXIST,6
EXITS,6
EXONS,4
EXPAT,5
EXPEL,4
EXPOS,3
EXTOL,5
EXTRA,5
EXUDE,6
EXULT,6
EXURB,3
EYASS,5
EYERS,6
EYING,6
EYRAS,4
EYRES,6
EYRIE,4
EYRIR,6
FABLE,4
FACED,4
FACER,4
FACES,4
FACET,5
FACIA,4
FACTS,4
FADDY,5
FADED,5
FADER,3
FADES,3
FADGE,4
FADOS,4
FAENA,3
FAERY,4
FAGGY,4
FAGIN,4
FAGOT,4
FAILS,5
FAINT,4
FAIRS,6
FAIRY,6
FAITH,3
FAKED,4
FAKER,4
FAKES,4
FAKEY,5
FAKIR,5
FALLS,5
FALSE,4
FAMED,6
FAMES,5
FANCY,4
FANES,6
FANGA,4
FANGS,5
FANNY,5
FANON,4
FANOS,4
FANUM,6
FAQIR,6
FARAD,2
FARCE,4
FARCI,4
FARCY,5
FARDS,4
FARED,6
FARER,5
FARES,7
FARLE,5
FARLS,6
FARMS,6
FAROS,5
FARTS,4
FASTS,5
FATAL,4
FATED,7
FATES,8
FATLY,4
FATSO,4
FATTY,5
FATWA,5
FAUGH,3
FAULD,3
FAULT,5
FAUNA,5
FAUNS,7
FAUVE,4
FAVAS,4
FAVES,9
FAVOR,6
FAVUS,8
FAWNS,8
FAWNY,6
FAXED,8
FAXES,10
FAYED,9
FAZED,10
FAZES,11
FEARS,3
FEASE,4
FEAST,4
FEATS,4
FEAZE,3
FECAL,4
FECES,4
FECKS,4
FEDEX,4
FEEBS,3
FEEDS,4
FEELS,5
FEEZE,5
FEIGN,5
FEINT,6
FEIST,6
FELID,3
FELLA,4
FELLS,5
FELLY,6
FELON,4
FELTS,6
FEMES,4
FEMME,4
FEMUR,4
FENCE,4
FENDS,5
FENNY,6
FEODS,6
FEOFF,4
FERAL,4
FERES,5
FERIA,4
FERLY,5
FERMI,5
FERNS,6
FERNY,6
FERRY,7
FESSE,5
FESTS,6
FETAL,5
FETAS,3
FETCH,3
FETED,4
FETES,4
FETID,4
FETOR,4
FETUS,4
FEUAR,4
FEUDS,7
FEUED,5
FEVER,4
FEWER,5
FEYER,6
FEYLY,6
FEZES,6
FEZZY,7
FIARS,3
FIATS,4
FIBER,4
FIBRE,3
FICES,4
FICHE,4
FICHU,4
FICIN,4
FICUS,4
FIDGE,4
FIDOS,3
FIEFS,4
FIELD,3
FIEND,3
FIERY,5
FIFED,4
FIFER,4
FIFES,5
FIFTH,4
FIFTY,4
FIGHT,3
FILAR,3
FILCH,4
FILED,5
FILER,5
FILES,5
FILET,4
FILLE,4
FILLO,5
FILLS,4
FILLY,5
FILMI,4
FILMS,5
FILMY,6
FILOS,4
FILTH,5
FILUM,6
FINAL,4
FINCA,4
FINCH,4
FINDS,3
FINED,6
FINER,6
FINES,6
FINIS,4
FINKS,5
FINNY,6
FINOS,4
FIORD,3
FIQUE,5
FIRED,7
FIRER,7
FIRES,5
FIRMS,5
FIRNS,4
FIRRY,4
FIRST,4
FIRTH,4
FISCS,5
FISHY,4
FISTS,6
FITCH,4
FITLY,5
FIVER,8
FIVES,7
FIXED,8
FIXER,4
FIXES,5
FIXIT,4
FIZZY,7
FJELD,3
FJORD,3
FLABS,3
FLACK,4
FLAGS,4
FLAIL,4
FLAIR,5
FLAKE,4
FLAKY,4
FLAME,5
FLAMS,5
FLAMY,5
FLANK,4
FLANS,6
FLAPS,7
FLARE,6
FLASH,4
FLASK,5
FLATS,8
FLAWS,9
FLAWY,6
FLAXY,7
FLAYS,10
FLEAM,4
FLEAS,4
FLECK,5
FLEER,4
FLEES,5
FLEET,4
FLESH,3
FLEWS,5
FLEYS,6
FLICK,4
FLICS,4
FLIED,4
FLIER,4
FLIES,5
FLING,4
FLINT,5
FLIPS,4
FLIRS,4
FLIRT,5
FLITE,5
FLITS,5
FLOAT,4
FLOCK,4
FLOCS,4
FLOES,4
FLOGS,4
FLONG,4
FLOOD,4
FLOOR,5
FLOPS,4
FLORA,4
FLOSS,5
FLOTA,5
FLOUR,6
FLOUT,6
FLOWN,5
FLOWS,6
FLUBS,4
FLUED,4
FLUES,5
FLUFF,4
FLUID,3
FLUKE,5
FLUKY,4
FLUME,6
FLUMP,5
FLUNG,6
FLUNK,4
FLUOR,4
FLUSH,4
FLUTE,5
FLUTY,7
FLUYT,8
FLYBY,4
FLYER,5
FLYTE,5
FOALS,4
FOAMS,4
FOAMY,5
FOCAL,4
FOCUS,4
FOEHN,3
FOGEY,3
FOGGY,4
FOGIE,4
FOHNS,3
FOILS,4
FOINS,4
FOIST,4
FOLDS,4
FOLEY,5
FOLIA,3
FOLIC,4
FOLIO,4
FOLKS,4
FOLKY,4
FOLLY,4
FONDS,4
FONDU,4
FONTS,4
FOODS,4
FOOLS,4
FOOTS,4
FOOTY,4
FORAM,4
FORAY,5
FORBS,4
FORBY,4
FORCE,4
FORDO,5
FORDS,5
FORES,5
FORGE,5
FORGO,5
FORKS,5
FORKY,4
FORME,5
FORMS,6
FORTE,6
FORTH,4
FORTS,5
FORTY,5
FORUM,5
FOSSA,4
FOSSE,6
FOULS,5
FOUND,4
FOUNT,6
FOURS,6
FOVEA,3
FOWLS,6
FOXED,5
FOXES,4
FOYER,5
FRAGS,4
FRAIL,4
FRAME,5
FRANC,4
FRANK,5
FRAPS,5
FRASS,6
FRATS,4
FRAUD,3
FRAYS,7
FREAK,4
FREED,4
FREER,5
FREES,5
FREMD,4
FRENA,5
FRERE,5
FRESH,4
FRETS,5
FRIAR,4
FRIED,4
FRIER,5
FRIES,5
FRIGS,5
FRILL,4
FRISE,5
FRISK,4
FRITH,4
FRITS,6
FRITT,4
FRITZ,5
FRIZZ,5
FROCK,4
FROES,5
FROGS,4
FROND,4
FRONS,5
FRONT,5
FRORE,5
FROSH,3
FROST,4
FROTH,4
FROWN,5
FROWS,6
FROZE,6
FRUGS,4
FRUIT,4
FRUMP,4
FRYER,5
FUBAR,4
FUBSY,3
FUCKS,4
FUCUS,5
FUDDY,5
FUDGE,4
FUELS,6
FUGAL,4
FUGGY,5
FUGIO,5
FUGLE,5
FUGUE,5
FUGUS,4
FUJIS,4
FULLS,4
FULLY,4
FUMED,5
FUMER,4
FUMES,5
FUMET,4
FUNDI,3
FUNDS,4
FUNGI,5
FUNGO,5
FUNKS,4
FUNKY,4
FUNNY,6
FURAN,4
FURLS,5
FUROR,5
FURRY,5
FURZE,6
FURZY,6
FUSED,6
FUSEE,5
FUSEL,5
FUSES,5
FUSIL,4
FUSSY,4
FUSTY,4
FUTON,6
FUZED,7
FUZEE,6
FUZES,6
FUZIL,5
FUZZY,7
FYCES,4
FYKES,6
FYTTE,5
GABBY,4
GABLE,5
GADDI,3
GADID,3
GADIS,4
GADJE,3
GADJO,4
GAFFE,5
GAFFS,5
GAGED,4
GAGER,5
GAGES,5
GAILY,5
GAINS,5
GAITS,4
GALAH,2
GALAS,3
GALAX,4
GALEA,2
GALES,3
GALLS,5
GALLY,5
GALOP,5
GAMAS,5
GAMAY,4
GAMBA,3
GAMBE,4
GAMBS,4
GAMED,4
GAMER,5
GAMES,6
GAMEY,5
GAMIC,4
GAMIN,5
GAMMA,5
GAMMY,6
GAMPS,6
GAMUT,5
GANEF,5
GANEV,6
GANGS,5
GANJA,5
GANOF,5
GAOLS,3
GAPED,5
GAPER,6
GAPES,7
GAPPY,7
GARBS,4
GARDA,3
GARNI,4
GARTH,3
GASES,5
GASPS,7
GASSY,8
GASTS,5
GATED,6
GATER,7
GATES,8
GATOR,5
GAUDS,5
GAUDY,4
GAUGE,6
GAULT,5
GAUMS,7
GAUNT,6
GAURS,7
GAUSS,8
GAUZE,3
GAUZY,9
GAVEL,5
GAVOT,5
GAWKS,8
GAWKY,10
GAWPS,8
GAWSY,9
GAYAL,5
GAYER,8
GAYLY,6
GAZAR,5
GAZED,7
GAZER,9
GAZES,9
GAZOO,3
GEARS,4
GECKO,4
GECKS,5
GEEKS,6
GEEKY,6
GEESE,6
GEEST,6
GELDS,5
GELEE,3
GELID,4
GELTS,6
GEMMA,5
GEMMY,5
GEMOT,4
GENES,4
GENET,3
GENIC,5
GENIE,5
GENII,5
GENIP,3
GENOA,6
GENOM,4
GENRE,5
GENRO,4
GENTS,6
GENUA,7
GENUS,5
GEODE,4
GEOID,5
GERAH,3
GERMS,5
GERMY,6
GESSO,5
GESTE,6
GESTS,7
GETAS,4
GETUP,4
GEUMS,4
GHAST,3
GHATS,4
GHAUT,4
GHAZI,4
GHEES,3
GHOST,4
GHOUL,4
GHYLL,4
GIANT,4
GIBED,3
GIBER,3
GIBES,4
GIDDY,3
GIFTS,5
GIGAS,4
GIGHE,4
GIGOT,5
GIGUE,5
GILDS,4
GILLS,5
GILLY,5
GILTS,5
GIMEL,3
GIMME,6
GIMPS,5
GIMPY,6
GINKS,5
GINNY,7
GINZO,5
GIPON,6
GIPSY,5
GIRDS,5
GIRLS,5
GIRLY,4
GIRNS,5
GIRON,5
GIROS,5
GIRSH,4
GIRTH,5
GIRTS,6
GISMO,4
GISTS,7
GITES,3
GIVEN,4
GIVER,5
GIVES,6
GIZMO,6
GLACE,4
GLADE,4
GLADS,4
GLADY,3
GLAIR,5
GLAMS,5
GLAND,3
GLANS,6
GLARE,6
GLARY,5
GLASS,7
GLAZE,7
GLAZY,6
GLEAM,5
GLEAN,4
GLEBA,4
GLEBE,4
GLEDE,4
GLEDS,4
GLEED,5
GLEEK,3
GLEES,4
GLEET,4
GLENS,5
GLEYS,6
GLIAL,4
GLIAS,5
GLIDE,4
GLIFF,5
GLIME,5
GLIMS,5
GLINT,5
GLITZ,5
GLOAM,5
GLOAT,5
GLOBE,4
GLOBS,4
GLOGG,5
GLOMS,4
GLOOM,5
GLOPS,5
GLORY,6
GLOSS,6
GLOST,4
GLOUT,7
GLOVE,4
GLOWS,7
GLOZE,5
GLUED,5
GLUER,4
GLUES,5
GLUEY,6
GLUGS,4
GLUME,6
GLUMS,4
GLUON,5
GLUTE,6
GLUTS,5
GLYPH,5
GNARL,4
GNARR,5
GNARS,5
GNASH,3
GNATS,5
GNAWN,5
GNAWS,5
GNOME,4
GOADS,5
GOALS,5
GOATS,4
GOBAN,4
GOBOS,3
GODET,5
GODLY,3
GOERS,5
GOFER,4
GOGOS,4
GOING,5
GOLDS,5
GOLEM,4
GOLFS,4
GOLLY,5
GOMBO,4
GOMER,4
GONAD,3
GONEF,5
GONER,5
GONGS,4
GONIA,4
GONIF,5
GONOF,5
GONZO,5
GOODS,5
GOODY,4
GOOEY,5
GOOFS,4
GOOFY,5
GOOKS,5
GOOKY,4
GOONS,6
GOONY,5
GOOPS,7
GOOPY,6
GOOSE,6
GOOSY,4
GOPIK,4
GORAL,4
GORED,4
GORES,5
GORGE,5
GORMS,5
GORPS,6
GORSE,6
GORSY,4
GOTHS,4
GOUGE,6
GOURD,4
GOUTS,6
GOUTY,5
GOWAN,5
GOWDS,5
GOWKS,7
GOWNS,8
GOXES,6
GOYIM,5
GRAAL,4
GRABS,4
GRACE,4
GRADE,5
GRADS,3
GRAFT,4
GRAIL,5
GRAIN,3
GRAMA,3
GRAMP,5
GRAMS,5
GRANA,4
GRAND,3
GRANS,6
GRANT,5
GRAPE,6
GRAPH,3
GRAPY,6
GRASP,5
GRASS,7
GRATE,5
GRAVE,4
GRAVY,6
GRAYS,8
GRAZE,7
GREAT,4
GREBE,4
GREED,5
GREEK,4
GREEN,4
GREES,5
GREET,4
GREGO,5
GREYS,5
GRIDE,5
GRIDS,4
GRIEF,4
GRIFF,5
GRIFT,5
GRIGS,5
GRILL,5
GRIME,6
GRIMY,5
GRIND,3
GRINS,5
GRIOT,5
GRIPE,4
GRIPS,4
GRIPT,6
GRIPY,6
GRIST,5
GRITH,5
GRITS,6
GROAN,4
GROAT,5
GRODY,4
GROGS,5
GROIN,5
GROKS,5
GROOM,5
GROPE,5
GROSS,6
GROSZ,4
GROTS,7
GROUP,5
GROUT,5
GROVE,6
GROWL,4
GROWN,6
GROWS,8
GRUBS,4
GRUEL,4
GRUES,5
GRUFF,5
GRUME,5
GRUMP,5
GRUNT,5
GUACO,4
GUANO,4
GUANS,6
GUARD,4
GUARS,6
GUAVA,3
GUCKS,4
GUDES,5
GUESS,6
GUEST,5
GUFFS,5
GUIDE,6
GUIDS,4
GUILD,4
GUILE,5
GUILT,5
GUIRO,5
GUISE,6
GULAG,5
GULAR,6
GULCH,4
GULES,5
GULFS,4
GULFY,5
GULLS,5
GULLY,5
GULPS,6
GULPY,5
GUMBO,4
GUMMA,4
GUMMY,5
GUNKS,5
GUNKY,5
GUNNY,5
GUPPY,5
GURGE,6
GURRY,5
GURSH,5
GURUS,5
GUSHY,4
GUSSY,5
GUSTO,5
GUSTS,6
GUSTY,5
GUTSY,4
GUTTA,5
GUTTY,6
GUYED,5
GUYOT,5
GWINE,6
GYBED,5
GYBES,4
GYOZA,4
GYPSY,5
GYRAL,5
GYRED,5
GYRES,6
GYRON,6
GYROS,5
GYRUS,5
GYVED,5
GYVES,5
HAAFS,3
HAARS,4
HABIT,3
HABUS,3
HACEK,2
HACKS,4
HADAL,3
HADED,2
HADES,2
HADJI,3
HADST,3
HAEMS,3
HAETS,4
HAFIZ,3
HAFTS,3
HAHAS,2
HAIKA,4
HAIKS,3
HAIKU,4
HAILS,4
HAINT,3
HAIRS,5
HAIRY,4
HAJES,3
HAJIS,4
HAJJI,4
HAKES,3
HAKIM,5
HAKUS,4
HALAL,3
HALED,3
HALER,4
HALES,4
HALID,2
HALLO,4
HALLS,5
HALMA,3
HALMS,6
HALON,5
HALOS,7
HALTS,4
HALVA,4
HALVE,3
HAMAL,3
HAMES,5
HAMMY,5
HAMZA,5
HANCE,4
HANDS,4
HANDY,3
HANGS,6
HANKS,5
HANKY,6
HANSA,4
HANSE,5
HANTS,5
HAOLE,4
HAPAX,3
HAPLY,4
HAPPY,5
HARDS,5
HARDY,4
HARED,4
HAREM,5
HARES,6
HARKS,6
HARLS,6
HARMS,7
HARPS,4
HARPY,4
HARRY,7
HARSH,4
HARTS,6
HASPS,5
HASTE,3
HASTY,4
HATCH,4
HATED,5
HATER,5
HATES,7
HAUGH,4
HAULM,5
HAULS,5
HAUNT,3
HAUTE,4
HAVEN,5
HAVER,6
HAVES,8
HAVOC,4
HAWED,6
HAWKS,7
HAWSE,5
HAYED,7
HAYER,7
HAYEY,6
HAZAN,4
HAZED,8
HAZEL,5
HAZER,8
HAZES,9
HEADS,3
HEADY,3
HEALS,3
HEAPS,4
HEAPY,4
HEARD,2
HEARS,5
HEART,5
HEATH,3
HEATS,6
HEAVE,6
HEAVY,5
HEBES,3
HECKS,3
HEDER,2
HEDGE,3
HEDGY,4
HEEDS,3
HEELS,3
HEEZE,4
HEFTS,3
HEFTY,4
HEIGH,3
HEILS,4
HEIRS,5
HEIST,4
HELIO,4
HELIX,5
HELLO,5
HELLS,5
HELMS,5
HELOS,6
HELOT,4
HELPS,7
HELVE,3
HEMAL,3
HEMES,4
HEMIC,4
HEMIN,5
HEMPS,5
HEMPY,5
HENCE,3
HENGE,4
HENNA,4
HENRY,6
HENTS,4
HERBS,3
HERBY,4
HERDS,4
HERES,5
HERLS,6
HERMA,4
HERMS,6
HERNS,6
HERON,5
HEROS,7
HERRY,7
HERTZ,4
HESTS,5
HETHS,4
HEUCH,4
HEUGH,4
HEWED,2
HEWER,4
HEXAD,3
HEXED,3
HEXER,5
HEXES,6
HEXYL,5
HICKS,5
HIDED,3
HIDER,3
HIDES,3
HIGHS,5
HIGHT,4
HIJAB,3
HIJRA,3
HIKED,4
HIKER,3
HIKES,4
HILAR,4
HILLO,4
HILLS,5
HILLY,5
HILTS,4
HILUM,5
HILUS,6
HINDS,3
HINGE,4
HINKY,4
HINNY,5
HINTS,5
HIPLY,6
HIPPO,5
HIPPY,6
HIRED,5
HIREE,4
HIRER,3
HIRES,4
HISSY,5
HISTS,6
HITCH,5
HIVED,6
HIVES,4
HOAGY,4
HOARD,3
HOARS,4
HOARY,5
HOBBY,3
HOBOS,3
HOCKS,4
HOCUS,5
HODAD,3
HOERS,4
HOGAN,3
HOGGS,4
HOICK,4
HOISE,4
HOIST,3
HOKED,4
HOKES,4
HOKEY,5
HOKKU,5
HOKUM,6
HOLDS,3
HOLED,5
HOLES,4
HOLEY,5
HOLKS,5
HOLLA,4
HOLLO,3
HOLLY,6
HOLMS,6
HOLTS,4
HOMED,6
HOMER,4
HOMES,5
HOMEY,5
HOMIE,5
HOMOS,3
HONAN,3
HONDA,3
HONED,7
HONER,5
HONES,6
HONEY,6
HONGI,4
HONGS,5
HONKS,5
HONKY,6
HONOR,4
HOOCH,4
HOODS,3
HOODY,4
HOOEY,7
HOOFS,4
HOOKA,5
HOOKS,5
HOOKY,5
HOOLY,6
HOOPS,6
HOOTS,3
HOOTY,4
HOPED,8
HOPER,6
HOPES,7
HOPPY,7
HORAH,4
HORAL,5
HORAS,6
HORDE,3
HORNS,4
HORNY,5
HORSE,4
HORST,4
HORSY,5
HOSED,9
HOSEL,5
HOSEN,5
HOSER,7
HOSES,8
HOSEY,6
HOSTA,6
HOSTS,5
HOTCH,4
HOTEL,5
HOTLY,5
HOUND,3
HOURI,6
HOURS,6
HOUSE,5
HOVEL,6
HOVER,8
HOWDY,4
HOWES,9
HOWFF,7
HOWFS,7
HOWKS,6
HOWLS,6
HOYAS,4
HOYLE,5
HUBBY,3
HUCKS,4
HUFFS,5
HUFFY,5
HUGER,5
HULAS,5
HULKS,6
HULKY,6
HULLO,5
HULLS,7
HUMAN,4
HUMIC,4
HUMID,3
HUMOR,3
HUMPH,5
HUMPS,7
HUMPY,7
HUMUS,8
HUNCH,4
HUNKS,4
HUNKY,5
HUNTS,5
HURDS,3
HURLS,7
HURLY,7
HURRY,8
HURST,4
HURTS,4
HUSKS,5
HUSKY,5
HUSSY,6
HUTCH,5
HUZZA,5
HYDRA,3
HYDRO,4
HYENA,3
HYING,4
HYLAS,5
HYMEN,5
HYMNS,4
HYOID,4
HYPED,5
HYPER,6
HYPES,5
HYPHA,6
HYPOS,4
HYRAX,5
HYSON,5
IAMBI,4
IAMBS,5
ICHOR,3
ICIER,4
ICILY,4
ICING,4
ICKER,5
ICONS,4
ICTIC,4
ICTUS,5
IDEAL,4
IDEAS,3
IDIOM,4
IDIOT,5
IDLED,4
IDLER,4
IDLES,4
IDOLS,4
IDYLL,4
IDYLS,5
IGGED,4
IGLOO,5
IGLUS,4
IHRAM,4
IKATS,4
IKONS,5
ILEAC,4
ILEAL,5
ILEUM,5
ILEUS,6
ILIAC,3
ILIAD,3
ILIAL,4
ILIUM,5
ILLER,5
IMAGE,6
IMAGO,4
IMAMS,5
IMAUM,5
IMBED,3
IMBUE,4
IMIDE,4
IMIDO,5
IMIDS,5
IMINE,4
IMINO,6
IMMIX,6
IMPED,5
IMPEL,4
IMPIS,4
IMPLY,5
INANE,5
INAPT,4
INARM,4
INBYE,5
INCOG,4
INCUR,5
INCUS,5
INDEX,4
INDIE,4
INDOL,3
INDOW,4
INDRI,4
INDUE,4
INEPT,4
INERT,5
INFER,5
INFIX,6
INFOS,5
INFRA,4
INGLE,5
INGOT,5
INION,6
INKED,6
INKER,5
INKLE,6
INLAY,4
INLET,4
INNED,7
INNER,6
INPUT,5
INRUN,5
INSET,5
INTER,4
INTIS,5
INTRO,5
INURE,5
INURN,5
INVAR,5
IODIC,4
IODID,3
IODIN,4
IONIC,5
IOTAS,4
IRADE,6
IRATE,6
IRIDS,5
IRING,6
IRKED,4
IROKO,4
IRONE,4
IRONS,6
IRONY,5
ISBAS,4
ISLED,7
ISLES,5
ISLET,5
ISSEI,5
ISSUE,6
ISTLE,5
ITCHY,4
ITEMS,6
ITHER,3
IVIED,5
IVIES,5
IVORY,5
IXIAS,3
IXORA,4
IXTLE,6
IZARS,4
JABOT,3
JACAL,4
JACKS,4
JACKY,5
JADED,6
JADES,4
JAGER,6
JAGGS,5
JAGGY,5
JAGRA,6
JAILS,5
JAKES,6
JALAP,5
JALOP,4
JAMBE,5
JAMBS,6
JAMMY,5
JANES,7
JANTY,5
JAPAN,5
JAPED,7
JAPER,5
JAPES,8
JARLS,5
JATOS,5
JAUKS,6
JAUNT,6
JAUPS,7
JAVAS,5
JAWAN,6
JAWED,8
JAZZY,6
JEANS,4
JEBEL,4
JEEPS,3
JEERS,5
JEFES,5
JEHAD,2
JEHUS,3
JELLO,4
JELLS,6
JELLY,6
JEMMY,6
JENNY,6
JERID,6
JERKS,6
JERKY,6
JERRY,7
JESSE,6
JESTS,7
JETES,5
JETON,5
JETTY,7
JEWED,5
JEWEL,5
JIBBS,3
JIBED,4
JIBER,5
JIBES,5
JIFFS,6
JIFFY,5
JIGGY,6
JIHAD,2
JILLS,6
JILTS,6
JIMMY,6
JIMPY,7
JINGO,6
JINKS,6
JINNI,5
JINNS,5
JISMS,6
JIVED,5
JIVER,5
JIVES,5
JIVEY,6
JNANA,4
JOCKO,4
JOCKS,5
JOEYS,5
JOHNS,4
JOINS,5
JOINT,5
JOIST,5
JOKED,6
JOKER,5
JOKES,5
JOKEY,6
JOLES,5
JOLLY,6
JOLTS,5
JOLTY,5
JOMON,5
JONES,6
JORAM,5
JORUM,6
JOTAS,4
JOTTY,5
JOUAL,5
JOUKS,5
JOULE,4
JOUST,4
JOWAR,5
JOWED,7
JOWLS,5
JOWLY,5
JOYED,6
JUBAS,4
JUBES,4
JUCOS,5
JUDAS,4
JUDGE,5
JUDOS,4
JUGAL,5
JUGUM,5
JUICE,4
JUICY,4
JUJUS,5
JUKED,6
JUKES,5
JUKUS,5
JULEP,5
JUMBO,5
JUMPS,6
JUMPY,5
JUNCO,4
JUNKS,5
JUNKY,6
JUNTA,5
JUNTO,5
JUPES,6
JUPON,6
JURAL,5
JURAT,5
JUREL,6
JUROR,6
JUSTS,7
JUTES,4
JUTTY,6
KABAB,4
KABAR,5
KABOB,4
KADIS,5
KAFIR,5
KAGUS,5
KAIAK,6
KAIFS,5
KAILS,6
KAINS,5
KAKAS,6
KAKIS,5
KALAM,6
KALES,4
KALIF,6
KALPA,4
KAMES,7
KAMIK,6
KANAS,7
KANES,8
KANJI,5
KANZU,6
KAONS,4
KAPAS,8
KAPHS,4
KAPOK,5
KAPPA,5
KAPUT,6
KARAT,7
KARMA,6
KARNS,6
KAROO,4
KARST,6
KARTS,5
KASHA,4
KATAS,9
KAURI,5
KAURY,6
KAVAS,6
KAYAK,5
KAYOS,6
KAZOO,4
KBARS,4
KEBAB,3
KEBAR,4
KEBOB,3
KECKS,6
KEDGE,3
KEEFS,6
KEEKS,7
KEELS,6
KEENS,7
KEEPS,4
KEETS,8
KEEVE,7
KEFIR,5
KEIRS,5
KELEP,4
KELIM,4
KELLY,7
KELPS,4
KELPY,4
KELTS,7
KEMPS,5
KEMPT,5
KENAF,3
KENCH,5
KENDO,4
KENOS,5
KENTE,6
KEPIS,4
KERBS,4
KERFS,6
KERNE,5
KERNS,7
KERRY,7
KETCH,4
KETOL,4
KEVEL,5
KEVIL,6
KEXES,5
KEYED,6
KHADI,3
KHAFS,4
KHAKI,4
KHANS,4
KHAPH,5
KHATS,6
KHEDA,3
KHETH,4
KHETS,4
KHOUM,4
KIANG,5
KIBBE,3
KIBBI,3
KIBEI,6
KIBES,6
KIBLA,3
KICKS,5
KICKY,4
KIDDO,3
KIDDY,4
KIEFS,5
KIERS,5
KIKES,6
KILIM,5
KILLS,7
KILNS,6
KILOS,5
KILTS,7
KILTY,5
KINAS,4
KINDS,4
KINES,7
KINGS,6
KININ,6
KINKS,7
KINKY,7
KINOS,5
KIOSK,4
KIRKS,6
KIRNS,6
KISSY,4
KISTS,7
KITED,4
KITER,4
KITES,4
KITHE,4
KITHS,4
KITTY,6
KIVAS,5
KIWIS,8
KLICK,5
KLIKS,6
KLONG,4
KLOOF,5
KLUGE,6
KLUTZ,5
KNACK,4
KNAPS,5
KNARS,5
KNAUR,5
KNAVE,3
KNAWE,4
KNEAD,3
KNEED,5
KNEEL,4
KNEES,4
KNELL,5
KNELT,6
KNIFE,6
KNISH,4
KNITS,5
KNOBS,5
KNOCK,5
KNOLL,4
KNOPS,5
KNOSP,5
KNOTS,5
KNOUT,5
KNOWN,6
KNOWS,6
KNURL,4
KNURS,5
KOALA,4
KOANS,5
KOBOS,4
KOELS,4
KOHLS,4
KOINE,4
KOJIS,5
KOLAS,4
KOLOS,5
KOMBU,5
KONKS,5
KOOKS,5
KOOKY,5
KOPEK,6
KOPHS,5
KOPJE,4
KOPPA,4
KORAI,3
KORAS,5
KORAT,5
KORMA,5
KORUN,5
KOTOS,5
KOTOW,5
KRAAL,5
KRAFT,5
KRAIT,4
KRAUT,5
KREEP,5
KREWE,6
KRILL,4
KRONA,5
KRONE,5
KROON,5
KRUBI,3
KUDOS,5
KUDUS,4
KUDZU,5
KUFIS,5
KUGEL,4
KUKRI,5
KULAK,4
KUMYS,6
KURTA,6
KURUS,6
KUSSO,5
KVASS,6
KVELL,5
KYACK,5
KYAKS,7
KYARS,6
KYATS,6
KYLIX,4
KYRIE,5
KYTES,5
KYTHE,4
LAARI,3
LABEL,3
LABIA,4
LABOR,4
LABRA,5
LACED,5
LACER,4
LACES,4
LACEY,5
LACKS,5
LADED,7
LADEN,4
LADER,4
LADES,5
LADLE,4
LAEVO,4
LAGAN,4
LAGER,4
LAHAR,3
LAICH,3
LAICS,5
LAIGH,4
LAIRD,3
LAIRS,6
LAITH,4
LAITY,5
LAKED,5
LAKER,5
LAKES,5
LAKHS,4
LALLS,6
LAMAS,4
LAMBS,7
LAMBY,5
LAMED,7
LAMER,6
LAMES,6
LAMIA,5
LAMPS,6
LANAI,4
LANCE,4
LANDS,6
LANES,7
LANKY,7
LAPEL,6
LAPIN,5
LAPIS,6
LAPSE,5
LARCH,5
LARDS,5
LARDY,5
LAREE,5
LARES,8
LARGE,5
LARGO,5
LARIS,7
LARKS,6
LARKY,7
LARUM,6
LARVA,6
LASED,6
LASER,4
LASES,9
LASSI,5
LASSO,5
LASTS,6
LATCH,5
LATED,8
LATEN,5
LATER,7
LATEX,6
LATHE,3
LATHI,3
LATHS,4
LATHY,5
LATKE,6
LATTE,7
LAUAN,5
LAUDS,6
LAUGH,5
LAURA,7
LAVAS,5
LAVED,9
LAVER,8
LAVES,10
LAWED,10
LAWNS,7
LAWNY,7
LAXER,9
LAXES,11
LAXLY,8
LAYED,11
LAYER,10
LAYIN,6
LAYUP,5
LAZAR,5
LAZED,12
LAZES,12
LEACH,3
LEADS,4
LEADY,3
LEAFS,4
LEAFY,4
LEAKS,3
LEAKY,3
LEANS,5
LEANT,4
LEAPS,5
LEAPT,5
LEARN,5
LEARS,5
LEARY,5
LEASE,5
LEASH,4
LEAST,5
LEAVE,4
LEAVY,6
LEBEN,5
LEDGE,4
LEDGY,4
LEECH,3
LEEKS,6
LEERS,6
LEERY,6
LEETS,7
LEFTS,6
LEFTY,6
LEGAL,5
LEGER,3
LEGES,4
LEGGY,6
LEGIT,6
LEHRS,4
LEHUA,3
LEMAN,4
LEMMA,5
LEMON,4
LEMUR,5
LENDS,6
LENES,6
LENIS,6
LENOS,5
LENSE,6
LENTO,4
LEONE,4
LEPER,4
LEPTA,6
LESBO,3
LESES,7
LETCH,5
LETHE,4
LETUP,4
LEUDS,7
LEVEE,6
LEVEL,6
LEVER,5
LEVIN,6
LEVIS,7
LEWIS,7
LEXES,6
LEXIS,8
LEZZY,7
LIANA,4
LIANE,4
LIANG,3
LIARD,3
LIARS,4
LIBEL,7
LIBER,6
LIBRA,3
LIBRI,4
LICHI,5
LICHT,4
LICIT,5
LICKS,6
LIDAR,4
LIDOS,4
LIEGE,5
LIENS,6
LIERS,6
LIEUS,7
LIEVE,4
LIFER,5
LIFTS,5
LIGAN,4
LIGER,5
LIGHT,5
LIKED,6
LIKEN,6
LIKER,6
LIKES,7
LILAC,4
LILOS,6
LILTS,5
LIMAN,5
LIMAS,5
LIMBA,4
LIMBI,3
LIMBO,4
LIMBS,3
LIMBY,5
LIMED,7
LIMEN,4
LIMES,5
LIMEY,6
LIMIT,5
LIMNS,7
LIMOS,5
LIMPA,4
LIMPS,5
LINAC,5
LINDY,3
LINED,8
LINEN,7
LINER,7
LINES,7
LINEY,7
LINGA,5
LINGO,7
LINGS,6
LINGY,6
LININ,6
LINKS,8
LINKY,6
LINNS,6
LINOS,6
LINTS,6
LINTY,6
LINUM,6
LIONS,4
LIPID,3
LIPIN,7
LIPPY,7
LIRAS,4
LIROT,5
LISLE,5
LISPS,6
LISTS,6
LITAI,3
LITAS,6
LITER,5
LITHE,5
LITHO,4
LITRE,6
LIVED,6
LIVEN,6
LIVER,6
LIVES,6
LIVID,4
LIVRE,4
LLAMA,5
LLANO,5
LOACH,4
LOADS,4
LOAFS,5
LOAMS,6
LOAMY,6
LOANS,5
LOATH,4
LOBAR,3
LOBBY,4
LOBED,6
LOBES,5
LOBOS,5
LOCAL,5
LOCHS,5
LOCKS,4
LOCOS,5
LOCUM,4
LOCUS,6
LODEN,3
LODES,4
LODGE,4
LOESS,5
LOFTS,5
LOFTY,5
LOGAN,5
LOGES,4
LOGGY,5
LOGIA,4
LOGIC,5
LOGIN,5
LOGOI,5
LOGON,5
LOGOS,5
LOIDS,6
LOINS,5
LOLLS,6
LOLLY,7
LONER,5
LONGE,4
LONGS,4
LOOBY,4
LOOED,5
LOOEY,5
LOOFA,4
LOOFS,5
LOOIE,4
LOOKS,5
LOOMS,6
LOONS,7
LOONY,5
LOOPS,8
LOOPY,6
LOOSE,5
LOOTS,9
LOPED,6
LOPER,6
LOPES,6
LOPPY,6
LORAL,5
LORAN,5
LORDS,5
LORES,7
LORIS,5
LORRY,7
LOSEL,5
LOSER,6
LOSES,8
LOSSY,5
LOTAH,4
LOTAS,5
LOTIC,6
LOTOS,6
LOTTE,5
LOTTO,6
LOTUS,7
LOUGH,4
LOUIE,5
LOUIS,5
LOUMA,4
LOUPE,4
LOUPS,7
LOURS,8
LOURY,8
LOUSE,6
LOUSY,4
LOUTS,7
LOVAT,6
LOVED,7
LOVER,7
LOVES,9
LOWED,8
LOWER,8
LOWES,10
LOWLY,5
LOWSE,6
LOXED,9
LOXES,5
LOYAL,6
LUAUS,6
LUBED,4
LUBES,5
LUCES,5
LUCID,4
LUCKS,4
LUCKY,4
LUCRE,4
LUDES,4
LUDIC,4
LUFFA,4
LUFFS,5
LUGED,5
LUGER,5
LUGES,6
LULLS,5
LULUS,5
LUMAS,5
LUMEN,5
LUMPS,5
LUMPY,5
LUNAR,6
LUNAS,6
LUNCH,5
LUNES,5
LUNET,5
LUNGE,6
LUNGI,6
LUNGS,4
LUNKS,6
LUNTS,7
LUPIN,5
LUPUS,6
LURCH,5
LURED,5
LURER,6
LURES,6
LUREX,4
LURID,4
LURKS,7
LUSTS,7
LUSTY,6
LUSUS,8
LUTEA,4
LUTED,6
LUTES,5
LUXES,5
LWEIS,5
LYARD,4
LYART,5
LYASE,4
LYCEA,5
LYCEE,5
LYCRA,4
LYING,5
LYMPH,5
LYNCH,5
LYRES,6
LYRIC,5
LYSED,6
LYSES,7
LYSIN,5
LYSIS,6
LYSSA,5
LYTIC,6
LYTTA,6
MAARS,3
MABES,4
MACAW,4
MACED,6
MACER,4
MACES,4
MACHE,4
MACHO,4
MACHS,4
MACKS,6
MACLE,5
MACON,4
MACRO,4
MADAM,4
MADLY,4
MADRE,4
MAFIA,5
MAFIC,5
MAGES,6
MAGIC,5
MAGMA,6
MAGOT,5
MAGUS,6
MAHOE,2
MAIDS,4
MAILE,3
MAILL,6
MAILS,7
MAIMS,6
MAINS,6
MAIRS,7
MAIST,5
MAIZE,3
MAJOR,4
MAKAR,5
MAKER,6
MAKES,7
MAKOS,6
MALAR,7
MALES,5
MALIC,6
MALLS,7
MALMS,7
MALMY,6
MALTS,6
MALTY,6
MAMAS,6
MAMBA,4
MAMBO,4
MAMEY,5
MAMIE,4
MAMMA,6
MAMMY,6
MANAS,6
MANAT,6
MANED,7
MANES,7
MANGA,5
MANGE,6
MANGO,4
MANGY,5
MANIA,5
MANIC,7
MANLY,6
MANNA,6
MANOR,5
MANOS,5
MANSE,5
MANTA,7
MANUS,6
MAPLE,6
MAQUI,6
MARAS,7
MARCH,6
MARCS,5
MARES,8
MARGE,5
MARIA,7
MARKA,6
MARKS,7
MARLS,6
MARLY,7
MARRY,7
MARSE,5
MARSH,5
MARTS,6
MARVY,8
MASAS,8
MASER,4
MASHY,4
MASKS,7
MASON,5
MASSA,3
MASSE,6
MASSY,8
MASTS,7
MATCH,6
MATED,8
MATER,7
MATES,9
MATEY,6
MATHS,5
MATIN,5
MATTE,6
MATTS,7
MATZA,8
MATZO,5
MAUDS,7
MAULS,7
MAUND,4
MAUTS,8
MAUVE,5
MAVEN,6
MAVIE,4
MAVIN,6
MAVIS,7
MAWED,9
MAXED,10
MAXES,10
MAXIM,6
MAXIS,8
MAYAN,5
MAYAS,9
MAYBE,5
MAYED,11
MAYOR,6
MAYOS,7
MAYST,5
MAZED,12
MAZER,8
MAZES,11
MBIRA,4
MEADS,5
MEALS,6
MEALY,5
MEANS,6
MEANT,5
MEANY,5
MEATS,6
MEATY,5
MECCA,4
MEDAL,5
MEDIA,4
MEDIC,3
MEDII,4
MEEDS,4
MEETS,5
MEINY,5
MELDS,4
MELEE,6
MELIC,4
MELLS,6
MELON,4
MELTS,7
MELTY,6
MEMES,5
MEMOS,5
MENAD,3
MENDS,5
MENSA,4
MENSE,5
MENSH,4
MENTA,6
MENUS,5
MEOUS,5
MEOWS,6
MERCH,6
MERCS,5
MERCY,6
MERDE,4
MERER,5
MERES,5
MERGE,6
MERIT,6
MERKS,7
MERLE,7
MERLS,7
MERRY,7
MESAS,4
MESHY,4
MESIC,5
MESNE,6
MESON,5
MESSY,8
METAL,6
METED,5
METER,4
METES,6
METHS,4
METIS,7
METOL,5
METRE,7
METRO,5
MEWED,6
MEWLS,8
MEZES,6
MEZZO,5
MIAOU,5
MIAOW,6
MIASM,4
MIAUL,4
MICAS,4
MICHE,5
MICKS,7
MICRA,4
MICRO,4
MIDDY,5
MIDGE,3
MIDIS,4
MIDST,4
MIENS,7
MIFFS,7
MIFFY,6
MIGGS,6
MIGHT,6
MIKED,7
MIKES,4
MIKRA,4
MILCH,5
MILDS,5
MILER,5
MILES,5
MILIA,4
MILKS,6
MILKY,6
MILLE,5
MILLS,8
MILOS,7
MILPA,4
MILTS,8
MILTY,6
MIMED,7
MIMEO,5
MIMER,6
MIMES,7
MIMIC,5
MINAE,4
MINAS,5
MINCE,4
MINCY,5
MINDS,5
MINED,8
MINER,6
MINES,6
MINGY,7
MINIM,6
MINIS,5
MINKE,6
MINKS,9
MINNY,7
MINOR,4
MINTS,7
MINTY,6
MINUS,7
MIRED,9
MIRES,7
MIREX,4
MIRIN,4
MIRKS,7
MIRKY,5
MIRTH,6
MIRZA,5
MISDO,4
MISER,5
MISES,8
MISOS,6
MISSY,5
MISTS,7
MISTY,5
MITER,6
MITES,5
MITIS,8
MITRE,7
MITTS,9
MIXED,10
MIXER,4
MIXES,5
MIXUP,6
MIZEN,6
MOANS,5
MOATS,5
MOCHA,4
MOCKS,6
MODAL,4
MODEL,3
MODEM,6
MODES,5
MODUS,4
MOGGY,5
MOGUL,6
MOHEL,4
MOHUR,3
MOILS,5
MOIRA,4
MOIRE,5
MOIST,6
MOJOS,6
MOKES,4
MOLAL,7
MOLAR,5
MOLAS,6
MOLDS,6
MOLDY,5
MOLES,5
MOLLS,7
MOLLY,8
MOLTO,5
MOLTS,6
MOMES,5
MOMMA,5
MOMMY,6
MOMUS,6
MONAD,4
MONAS,6
MONDE,4
MONDO,5
MONEY,5
MONGO,5
MONIE,4
MONKS,6
MONOS,6
MONTE,5
MONTH,5
MOOCH,5
MOODS,6
MOODY,5
MOOED,7
MOOLA,3
MOOLS,5
MOONS,6
MOONY,6
MOORS,7
MOORY,6
MOOSE,5
MOOTS,5
MOPED,8
MOPER,6
MOPES,6
MOPEY,6
MORAE,5
MORAL,6
MORAS,6
MORAY,5
MOREL,7
MORES,7
MORNS,5
MORON,6
MORPH,5
MORRO,6
MORSE,5
MORTS,5
MOSEY,5
MOSKS,6
MOSSO,5
MOSSY,6
MOSTE,6
MOSTS,6
MOTEL,5
MOTES,6
MOTET,5
MOTEY,6
MOTHS,5
MOTHY,5
MOTIF,5
MOTOR,6
MOTTE,6
MOTTO,7
MOTTS,7
MOUCH,4
MOUES,8
MOULD,4
MOULT,5
MOUND,5
MOUNT,6
MOURN,6
MOUSE,6
MOUSY,5
MOUTH,4
MOVED,6
MOVER,7
MOVES,9
MOVIE,5
MOWED,9
MOWER,8
MOXAS,7
MOXIE,6
MOZOS,6
MUCHO,4
MUCID,5
MUCIN,5
MUCKS,5
MUCKY,4
MUCOR,4
MUCRO,5
MUCUS,5
MUDDY,6
MUDRA,4
MUFFS,5
MUFTI,5
MUGGS,5
MUGGY,6
MUHLY,3
MUJIK,5
MULCH,5
MULCT,4
MULED,6
MULES,5
MULEY,5
MULLA,4
MULLS,6
MUMMS,6
MUMMY,6
MUMPS,7
MUMUS,6
MUNCH,6
MUNGO,5
MUNIS,5
MUONS,6
MURAL,6
MURAS,4
MURED,6
MURES,6
MUREX,4
MURID,5
MURKS,5
MURKY,5
MURRA,5
MURRE,6
MURRS,7
MURRY,5
MUSCA,4
MUSED,7
MUSER,5
MUSES,7
MUSHY,5
MUSIC,4
MUSKS,6
MUSKY,4
MUSSY,6
MUSTH,5
MUSTS,8
MUSTY,7
MUTCH,6
MUTED,8
MUTER,4
MUTES,6
MUTON,6
MUTTS,9
MUZZY,6
MYLAR,5
MYNAH,4
MYNAS,5
MYOID,5
MYOMA,5
MYOPE,6
MYOPY,5
MYRRH,5
MYSID,5
MYTHS,5
MYTHY,5
NAANS,4
NABES,5
NABIS,4
NABOB,5
NACHO,5
NACRE,5
NADAS,4
NADIR,4
NAEVI,3
NAFFS,5
NAGGY,6
NAIAD,3
NAIFS,5
NAILS,6
NAIRA,5
NAIRU,6
NAIVE,4
NAKED,6
NAKFA,5
NALAS,4
NALED,9
NAMED,8
NAMER,7
NAMES,8
NANAS,7
NANCE,5
NANCY,5
NANNY,8
NAPAS,8
NAPES,8
NAPPA,6
NAPPE,6
NAPPY,8
NARCO,4
NARCS,5
NARDS,6
NARES,9
NARIC,5
NARIS,5
NARKS,7
NARKY,8
NASAL,3
NASTY,5
NATAL,4
NATCH,7
NATES,10
NATTY,6
NAVAL,5
NAVAR,6
NAVEL,6
NAVES,11
NAVVY,9
NAWAB,5
NAZIS,6
NEAPS,5
NEARS,6
NEATH,4
NEATS,6
NECKS,7
NEDDY,4
NEEDS,5
NEEDY,5
NEEMS,5
NEEPS,5
NEGUS,6
NEIFS,6
NEIGH,4
NEIST,6
NELLY,8
NEMAS,5
NENES,7
NEONS,6
NERDS,6
NERDY,5
NEROL,5
NERTS,7
NERTZ,7
NERVE,6
NERVY,7
NESTS,7
NETOP,3
NETTS,8
NETTY,7
NEUKS,4
NEUME,5
NEUMS,5
NEVER,6
NEVES,7
NEVUS,6
NEWEL,6
NEWER,6
NEWIE,6
NEWLY,6
NEWSY,6
NEWTS,9
NEXUS,7
NGWEE,4
NICAD,4
NICER,5
NICHE,6
NICKS,4
NICOL,5
NIDAL,4
NIDED,3
NIDES,4
NIDUS,5
NIECE,5
NIEVE,5
NIFTY,5
NIGHS,4
NIGHT,7
NIHIL,4
NILLS,5
NIMBI,4
NINES,8
NINJA,4
NINNY,8
NINON,6
NINTH,5
NIPAS,5
NIPPY,8
NISEI,6
NISUS,6
NITER,7
NITES,6
NITID,4
NITON,6
NITRE,7
NITRO,4
NITTY,7
NIVAL,5
NIXED,8
NIXES,5
NIXIE,4
NIZAM,5
NOBBY,5
NOBLE,4
NOBLY,3
NOCKS,7
NODAL,5
NODDY,4
NODES,6
NODUS,4
NOELS,4
NOGGS,5
NOHOW,4
NOILS,6
NOILY,6
NOIRS,5
NOISE,5
NOISY,5
NOLOS,7
NOMAD,4
NOMAS,7
NOMEN,6
NOMES,6
NOMOI,5
NOMOS,6
NONAS,7
NONCE,4
NONES,6
NONET,5
NONYL,5
NOOKS,6
NOOKY,6
NOONS,7
NOOSE,5
NOPAL,7
NORIA,4
NORIS,6
NORMS,6
NORTH,5
NOSED,8
NOSES,7
NOSEY,5
NOTAL,8
NOTCH,5
NOTED,9
NOTER,5
NOTES,7
NOTUM,7
NOUNS,6
NOVAE,5
NOVAS,7
NOVEL,6
NOWAY,6
NOWTS,5
NUBBY,4
NUBIA,4
NUCHA,4
NUDER,4
NUDES,6
NUDGE,6
NUDIE,4
NUDZH,4
NUKED,7
NUKES,6
NULLS,7
NUMBS,4
NUMEN,6
NURDS,5
NURLS,5
NURSE,7
NUTSY,5
NUTTY,6
NYALA,4
NYLON,5
NYMPH,4
OAKEN,6
OAKUM,4
OARED,7
OASES,6
OASIS,4
OASTS,5
OATEN,7
OATER,7
OATHS,6
OAVES,8
OBEAH,3
OBELI,5
OBESE,4
OBEYS,5
OBIAS,4
OBITS,3
OBJET,3
OBOES,4
OBOLE,5
OBOLI,4
OBOLS,3
OCCUR,4
OCEAN,4
OCHER,3
OCHRE,3
OCHRY,3
OCKER,5
OCREA,3
OCTAD,4
OCTAL,5
OCTAN,4
OCTET,4
OCTYL,5
OCULI,5
ODAHS,3
ODDER,5
ODDLY,4
ODEON,4
ODEUM,3
ODIST,5
ODIUM,5
ODORS,4
ODOUR,4
ODYLE,5
ODYLS,3
OFAYS,5
OFFAL,5
OFFED,5
OFFER,5
OFTEN,6
OFTER,6
OGAMS,5
OGEES,4
OGHAM,2
OGIVE,5
OGLED,6
OGLER,4
OGLES,5
OGRES,4
OHIAS,4
OHING,4
OHMIC,4
OIDIA,4
OILED,7
OILER,7
OINKS,5
OKAPI,4
OKAYS,6
OKEHS,4
OKRAS,4
OLDEN,4
OLDER,4
OLDIE,5
OLEIC,4
OLEIN,4
OLEOS,4
OLEUM,4
OLIOS,7
OLIVE,4
OLLAS,4
OLOGY,6
OMASA,4
OMBER,5
OMBRE,4
OMEGA,4
OMENS,4
OMERS,5
OMITS,5
ONCET,5
ONERY,5
ONION,7
ONIUM,7
ONLAY,5
ONSET,6
ONTIC,5
OOHED,3
OOMPH,4
OORIE,6
OOTID,5
OOZED,8
OOZES,7
OPAHS,5
OPALS,4
OPENS,4
OPERA,5
OPINE,5
OPING,6
OPIUM,6
OPSIN,4
OPTED,7
OPTIC,5
ORACH,4
ORALS,5
ORANG,5
ORATE,7
ORBED,7
ORBIT,4
ORCAS,4
ORCIN,5
ORDER,6
ORDOS,4
OREAD,4
ORGAN,5
ORGIC,5
ORIBI,4
ORIEL,5
ORLES,6
ORLON,5
ORLOP,6
ORMER,5
ORNIS,7
ORPIN,6
ORRIS,6
ORTHO,3
ORZOS,5
OSIER,5
OSMIC,5
OSMOL,4
OSSIA,4
OSTIA,5
OTHER,4
OTTAR,5
OTTER,7
OTTOS,5
OUGHT,4
OUNCE,5
OUPHE,4
OUPHS,5
OURIE,5
OUSEL,6
OUSTS,5
OUTBY,4
OUTDO,5
OUTED,8
OUTER,5
OUTGO,6
OUTRE,5
OUZEL,6
OUZOS,6
OVALS,6
OVARY,6
OVATE,4
OVENS,5
OVERS,6
OVERT,6
OVINE,5
OVOID,6
OVOLI,5
OVOLO,6
OVULE,5
OWING,7
OWLET,6
OWNED,8
OWNER,6
OWSEN,6
OXBOW,4
OXEYE,6
OXIDE,5
OXIDS,7
OXIME,5
OXIMS,6
OXLIP,5
OXTER,8
OYERS,7
OZONE,5
PACAS,4
PACED,7
PACER,5
PACES,5
PACEY,5
PACHA,4
PACKS,7
PACTS,5
PADDY,6
PADIS,6
PADLE,5
PADRE,5
PADRI,4
PAEAN,3
PAEON,4
PAGAN,5
PAGED,5
PAGER,7
PAGES,7
PAGOD,4
PAIKS,7
PAILS,8
PAINS,7
PAINT,5
PAIRS,8
PAISA,4
PAISE,5
PALEA,3
PALED,8
PALER,4
PALES,6
PALET,5
PALLS,8
PALLY,8
PALMS,7
PALMY,6
PALPI,6
PALPS,7
PALSY,9
PAMPA,6
PANDA,3
PANDY,4
PANED,9
PANEL,7
PANES,8
PANGA,6
PANGS,5
PANIC,6
PANNE,6
PANSY,9
PANTO,4
PANTS,7
PANTY,6
PAPAL,6
PAPAS,8
PAPAW,6
PAPER,6
PAPPI,7
PAPPY,8
PARAE,3
PARAS,9
PARCH,7
PARDI,4
PARDS,7
PARDY,6
PARED,8
PAREO,5
PARER,6
PARES,9
PAREU,6
PARGE,6
PARGO,5
PARIS,7
PARKA,6
PARKS,8
PARLE,6
PAROL,6
PARRS,7
PARRY,7
PARSE,6
PARTS,7
PARTY,5
PARVE,5
PARVO,6
PASEO,5
PASES,7
PASHA,5
PASSE,6
PASTA,4
PASTE,6
PASTS,8
PASTY,6
PATCH,8
PATED,10
PATEN,7
PATER,7
PATES,10
PATHS,7
PATIN,6
PATIO,5
PATLY,5
PATSY,5
PATTY,7
PAUSE,7
PAVAN,6
PAVED,11
PAVER,8
PAVES,9
PAVID,4
PAVIN,6
PAVIS,8
PAWED,12
PAWER,9
PAWKY,8
PAWLS,8
PAWNS,7
PAXES,11
PAYED,13
PAYEE,5
PAYER,10
PAYOR,7
PEACE,5
PEACH,4
PEAGE,6
PEAGS,6
PEAKS,4
PEAKY,4
PEALS,6
PEANS,7
PEARL,6
PEARS,7
PEART,5
PEASE,6
PEATS,7
PEATY,6
PEAVY,5
PECAN,4
PECHS,4
PECKS,5
PECKY,4
PEDAL,6
PEDES,5
PEDRO,5
PEEKS,4
PEELS,5
PEENS,6
PEEPS,6
PEERS,7
PEERY,4
PEEVE,5
PEINS,5
PEISE,4
PEKAN,4
PEKES,4
PEKIN,5
PEKOE,3
PELES,5
PELFS,5
PELON,4
PELTS,6
PENAL,7
PENCE,4
PENDS,7
PENES,6
PENGO,3
PENIS,5
PENNA,6
PENNE,5
PENNI,5
PENNY,5
PEONS,4
PEONY,5
PEPLA,5
PEPOS,5
PEPPY,5
PERCH,7
PERDU,6
PERDY,6
PEREA,4
PERES,7
PERIL,6
PERIS,6
PERKS,6
PERKY,5
PERMS,6
PERPS,5
PERRY,6
PERSE,5
PERVS,7
PESKY,4
PESOS,6
PESTO,4
PESTS,7
PESTY,5
PETAL,7
PETER,5
PETIT,7
PETTI,6
PETTO,5
PETTY,7
PEWEE,5
PEWIT,8
PHAGE,3
PHASE,4
PHIAL,4
PHLOX,3
PHONE,5
PHONO,4
PHONS,5
PHONY,6
PHOTO,3
PHOTS,3
PHPHT,3
PHUTS,4
PHYLA,4
PHYLE,5
PIANO,5
PIANS,4
PIBAL,4
PICAL,5
PICAS,5
PICKS,8
PICKY,5
PICOT,6
PICUL,6
PIECE,4
PIERS,4
PIETA,5
PIETY,5
PIGGY,7
PIGMY,7
PIING,5
PIKAS,5
PIKED,8
PIKER,7
PIKES,8
PIKIS,6
PILAF,4
PILAR,4
PILAU,5
PILAW,6
PILEA,5
PILED,8
PILEI,7
PILES,8
PILIS,7
PILLS,9
PILOT,6
PILUS,8
PIMAS,5
PIMPS,6
PINAS,6
PINCH,5
PINED,9
PINES,9
PINEY,7
PINGO,8
PINGS,7
PINKO,6
PINKS,10
PINKY,8
PINNA,5
PINNY,9
PINON,7
PINOT,7
PINTA,5
PINTO,5
PINTS,8
PINUP,7
PIONS,5
PIOUS,4
PIPAL,6
PIPED,9
PIPER,7
PIPES,8
PIPET,5
PIPIT,6
PIQUE,4
PIRNS,7
PIROG,5
PISCO,4
PISOS,7
PISTE,5
PITAS,6
PITCH,6
PITHS,5
PITHY,5
PITON,7
PITTA,5
PIVOT,8
PIXEL,6
PIXES,6
PIXIE,6
PIZZA,6
PLACE,5
PLACK,5
PLAGE,7
PLAID,3
PLAIN,6
PLAIT,7
PLANE,7
PLANK,5
PLANS,5
PLANT,6
PLASH,5
PLASM,5
PLATE,5
PLATS,6
PLATY,6
PLAYA,5
PLAYS,7
PLAZA,6
PLEAD,4
PLEAS,5
PLEAT,6
PLEBE,3
PLEBS,4
PLENA,4
PLEON,4
PLEWS,4
PLICA,4
PLIED,5
PLIER,5
PLIES,5
PLINK,4
PLODS,4
PLONK,4
PLOPS,5
PLOTS,5
PLOTZ,5
PLOWS,6
PLOYS,7
PLUCK,4
PLUGS,5
PLUMB,4
PLUME,4
PLUMP,5
PLUMS,4
PLUMY,6
PLUNK,5
PLUSH,5
PLYER,5
POACH,5
POBOY,4
POCKS,8
POCKY,5
PODGY,4
PODIA,4
POEMS,4
POESY,4
POETS,5
POGEY,4
POILU,6
POIND,4
POINT,6
POISE,4
POKED,7
POKER,6
POKES,6
POKEY,6
POLAR,6
POLED,6
POLER,6
POLES,6
POLIO,5
POLIS,4
POLKA,4
POLLS,8
POLOS,8
POLYP,5
POLYS,8
POMES,7
POMMY,7
POMOS,7
POMPS,7
PONCE,4
PONDS,5
PONES,7
PONGS,5
POOCH,6
POODS,7
POOED,8
POOFS,5
POOFY,6
POOHS,5
POOLS,6
POONS,8
POOPS,7
POORI,6
POOVE,5
POPES,8
POPPA,5
POPPY,7
POPSY,6
PORCH,5
PORED,5
PORES,9
PORGY,5
PORKS,7
PORKY,5
PORNO,6
PORNS,6
PORNY,8
PORTS,6
POSED,9
POSER,6
POSES,10
POSIT,5
POSSE,5
POSTS,6
POTSY,4
POTTO,6
POTTY,6
POUCH,5
POUFF,5
POUFS,5
POULT,6
POUND,6
POURS,6
POUTS,7
POUTY,6
POWER,6
POXED,9
POXES,6
POYOU,5
PRAAM,4
PRAHU,5
PRAMS,5
PRANG,6
PRANK,5
PRAOS,6
PRASE,4
PRATE,8
PRATS,5
PRAUS,6
PRAWN,6
PRAYS,7
PREED,6
PREEN,6
PREES,6
PREOP,4
PREPS,5
PRESA,4
PRESE,4
PRESS,5
PREST,5
PREXY,5
PREYS,6
PRICE,4
PRICK,4
PRICY,5
PRIDE,6
PRIED,5
PRIER,6
PRIES,5
PRIGS,4
PRILL,6
PRIMA,5
PRIME,5
PRIMI,6
PRIMO,7
PRIMP,8
PRIMS,5
PRINK,4
PRINT,6
PRION,6
PRIOR,7
PRISE,6
PRISM,4
PRISS,6
PRIVY,6
PRIZE,7
PROAS,5
PROBE,3
PRODS,5
PROEM,5
PROFS,5
PROGS,6
PROLE,5
PROMO,6
PROMS,6
PRONE,5
PRONG,6
PROOF,5
PROPS,6
PROSE,4
PROSO,5
PROSS,7
PROST,5
PROSY,6
PROUD,4
PROVE,6
PROWL,5
PROWS,8
PROXY,6
PRUDE,5
PRUNE,5
PRUTA,5
PRYER,5
PSALM,4
PSEUD,4
PSHAW,3
PSOAE,4
PSOAI,4
PSOAS,5
PSYCH,5
PUBES,6
PUBIC,4
PUBIS,3
PUCES,6
PUCKA,4
PUCKS,6
PUDGY,4
PUDIC,4
PUFFS,6
PUFFY,5
PUGGY,6
PUJAH,4
PUJAS,5
PUKED,8
PUKES,7
PUKKA,6
PULED,7
PULER,6
PULES,6
PULIK,4
PULIS,5
PULLS,8
PULPS,5
PULPY,6
PULSE,4
PUMAS,5
PUMPS,7
PUNAS,6
PUNCH,7
PUNGS,6
PUNJI,5
PUNKA,6
PUNKS,6
PUNKY,7
PUNNY,6
PUNTO,6
PUNTS,5
PUNTY,7
PUPAE,5
PUPAL,6
PUPAS,7
PUPIL,6
PUPPY,6
PUPUS,7
PURDA,3
PUREE,5
PURER,6
PURGE,6
PURIN,5
PURIS,5
PURLS,6
PURRS,7
PURSE,7
PURSY,4
PURTY,5
PUSES,6
PUSHY,6
PUSSY,7
PUTON,7
PUTTI,5
PUTTO,6
PUTTS,8
PUTTY,7
PYGMY,5
PYINS,5
PYLON,6
PYOID,4
PYRAN,5
PYRES,6
PYREX,5
PYRIC,5
PYROS,6
PYXES,6
PYXIE,6
PYXIS,6
QADIS,7
QAIDS,5
QANAT,7
QOPHS,6
QUACK,5
QUADS,5
QUAFF,5
QUAGS,5
QUAIL,5
QUAIS,4
QUAKE,5
QUAKY,5
QUALE,5
QUALM,4
QUANT,5
QUARE,6
QUARK,6
QUART,5
QUASH,4
QUASI,4
QUASS,6
QUATE,6
QUAYS,7
QUBIT,4
QUEAN,4
QUEEN,5
QUEER,6
QUELL,6
QUERN,5
QUERY,6
QUEST,5
QUEUE,5
QUEYS,6
QUICK,5
QUIDS,5
QUIET,5
QUIFF,5
QUILL,5
QUILT,6
QUINS,6
QUINT,6
QUIPS,5
QUIPU,6
QUIRE,6
QUIRK,5
QUIRT,5
QUITE,5
QUITS,6
QUODS,6
QUOIN,5
QUOIT,5
QUOLL,5
QUOTA,6
QUOTE,5
QUOTH,5
QURSH,6
RABAT,5
RABBI,4
RABIC,4
RABID,3
RACED,8
RACER,6
RACES,6
RACKS,8
RACON,5
RADAR,5
RADII,5
RADIO,6
RADIX,7
RADON,5
RAFFS,6
RAFTS,5
RAGAS,6
RAGED,6
RAGEE,5
RAGES,8
RAGGS,6
RAGGY,7
RAGIS,5
RAIAS,9
RAIDS,6
RAILS,9
RAINS,8
RAINY,6
RAISE,6
RAITA,7
RAJAH,3
RAJAS,10
RAJES,7
RAKED,7
RAKEE,5
RAKER,7
RAKES,8
RAKIS,6
RAKUS,6
RALES,7
RALLY,7
RALPH,5
RAMAL,7
RAMEE,6
RAMEN,6
RAMET,7
RAMIE,5
RAMMY,7
RAMPS,7
RAMUS,7
RANCE,5
RANCH,6
RANDS,5
RANDY,5
RANEE,7
RANGE,6
RANGY,6
RANID,4
RANIS,6
RANKS,7
RANTS,5
RAPED,5
RAPER,7
RAPES,10
RAPHE,4
RAPID,5
RARED,9
RARER,8
RARES,10
RASED,6
RASER,5
RASES,8
RASPS,8
RASPY,8
RATAL,5
RATAN,6
RATCH,9
RATED,7
RATEL,7
RATER,8
RATES,10
RATHE,4
RATIO,5
RATOS,5
RATTY,5
RAVED,8
RAVEL,7
RAVEN,7
RAVER,9
RAVES,10
RAVIN,7
RAWER,10
RAWIN,7
RAWLY,8
RAXED,9
RAXES,11
RAYAH,4
RAYAS,11
RAYED,10
RAYON,6
RAZED,11
RAZEE,8
RAZER,11
RAZES,12
RAZOR,7
REACH,5
REACT,6
READD,3
READS,6
READY,4
REALM,6
REALS,4
REAMS,5
REAPS,6
REARM,6
REARS,8
REATA,2
REAVE,5
REBAR,4
REBBE,3
REBEC,4
REBEL,5
REBID,4
REBOP,3
REBUS,3
REBUT,4
REBUY,5
RECAP,5
RECCE,4
RECIT,5
RECKS,8
RECON,4
RECTA,4
RECTI,6
RECTO,5
RECUR,4
RECUT,5
REDAN,4
REDDS,5
REDED,4
REDES,4
REDIA,4
REDID,7
REDIP,4
REDLY,5
REDON,5
REDOS,6
REDOX,7
REDRY,6
REDUB,3
REDUX,6
REDYE,4
REEDS,6
REEDY,6
REEFS,6
REEFY,6
REEKS,7
REEKY,7
REELS,8
REEST,6
REEVE,5
REFED,4
REFEL,5
REFER,5
REFIT,6
REFIX,7
REFLY,5
REFRY,6
REGAL,5
REGES,4
REGMA,5
REGNA,6
REHAB,3
REHEM,3
REIFS,6
REIFY,6
REIGN,7
REINK,6
REINS,7
REIVE,5
REJIG,6
REKEY,5
RELAX,5
RELAY,6
RELET,3
RELIC,5
RELIT,7
REMAN,5
REMAP,6
REMET,4
REMEX,6
REMIT,5
REMIX,6
RENAL,6
RENDS,7
RENEW,7
RENIG,7
RENIN,8
RENTE,6
RENTS,6
REOIL,5
REPAY,6
REPEG,4
REPEL,5
REPIN,5
REPLY,5
REPOS,4
REPOT,5
REPPS,6
REPRO,4
RERAN,6
RERIG,5
RERUN,5
RESAT,4
RESAW,4
RESAY,5
RESEE,4
RESET,5
RESEW,5
RESID,8
RESIN,9
RESIT,8
RESOD,3
RESOW,5
RESTS,7
RETAG,7
RETAX,8
RETCH,6
RETEM,5
RETIA,5
RETIE,5
RETRO,6
RETRY,6
REUSE,5
REVEL,5
REVET,6
REVUE,6
REWAN,7
REWAX,8
REWED,5
REWET,7
REWIN,10
REWON,6
REXES,7
RHEAS,4
RHEME,3
RHEUM,5
RHINO,4
RHOMB,3
RHUMB,4
RHYME,5
RHYTA,5
RIALS,3
RIANT,4
RIATA,3
RIBBY,4
RIBES,5
RICED,4
RICER,6
RICES,5
RICIN,4
RICKS,9
RIDER,4
RIDES,4
RIDGE,5
RIDGY,3
RIELS,6
RIFER,6
RIFFS,8
RIFLE,5
RIFTS,6
RIGHT,8
RIGID,5
RIGOR,4
RILED,9
RILES,5
RILEY,6
RILLE,6
RILLS,10
RIMED,8
RIMER,6
RIMES,7
RINDS,6
RINDY,4
RINGS,8
RINKS,11
RINSE,7
RIOJA,5
RIOTS,5
RIPED,10
RIPEN,6
RIPER,8
RIPES,6
RISEN,6
RISER,8
RISES,7
RISHI,5
RISKS,7
RISKY,5
RISUS,7
RITES,4
RITZY,5
RIVAL,5
RIVED,7
RIVEN,7
RIVER,7
RIVES,8
RIVET,4
RIYAL,6
ROACH,5
ROADS,3
ROAMS,5
ROANS,6
ROARS,6
ROAST,4
ROBED,7
ROBES,5
ROBIN,5
ROBLE,5
ROBOT,4
ROCKS,9
ROCKY,6
RODEO,4
RODES,5
ROGER,5
ROGUE,5
ROILS,7
ROILY,5
ROLES,7
ROLFS,5
ROLLS,9
ROMAN,5
ROMEO,5
ROMPS,8
RONDO,6
ROODS,8
ROOFS,6
ROOKS,7
ROOKY,7
ROOMS,7
ROOMY,7
ROOSE,6
ROOST,4
ROOTS,6
ROOTY,5
ROPED,4
ROPER,7
ROPES,9
ROPEY,6
ROQUE,6
ROSED,5
ROSES,9
ROSET,6
ROSHI,5
ROSIN,4
ROTAS,5
ROTCH,6
ROTES,4
ROTIS,6
ROTLS,6
ROTOR,6
ROTOS,6
ROTTE,7
ROUEN,7
ROUES,10
ROUGE,6
ROUGH,5
ROUND,5
ROUPS,7
ROUPY,8
ROUSE,6
ROUST,4
ROUTE,7
ROUTH,5
ROUTS,6
ROVED,6
ROVEN,8
ROVER,7
ROVES,11
ROWAN,6
ROWDY,5
ROWED,7
ROWEL,6
ROWEN,9
ROWER,7
ROWTH,5
ROYAL,5
RUANA,4
RUBBY,5
RUBEL,5
RUBES,7
RUBLE,4
RUBUS,4
RUCHE,4
RUCKS,7
RUDDS,3
RUDDY,7
RUDER,5
RUERS,5
RUFFE,6
RUFFS,7
RUGAE,5
RUGAL,6
RUGBY,4
RUING,6
RUINS,6
RULED,5
RULER,6
RULES,7
RUMBA,4
RUMEN,5
RUMMY,5
RUMOR,6
RUMPS,8
RUNES,7
RUNGS,5
RUNIC,5
RUNNY,6
RUNTS,6
RUNTY,7
RUPEE,6
RURAL,7
RUSES,7
RUSHY,7
RUSKS,6
RUSTS,8
RUSTY,4
RUTHS,4
RUTIN,5
RUTTY,7
RYKED,6
RYKES,6
RYNDS,3
RYOTS,6
SABAL,3
SABED,3
SABER,4
SABES,6
SABIN,4
SABIR,4
SABLE,6
SABOT,4
SABRA,3
SABRE,4
SACKS,9
SACRA,4
SADES,6
SADHE,2
SADHU,3
SADIS,8
SADLY,5
SAFER,4
SAFES,4
SAGAS,7
SAGER,5
SAGES,5
SAGGY,8
SAGOS,5
SAGUM,6
SAHIB,3
SAICE,6
SAIDS,7
SAIGA,5
SAILS,10
SAINS,9
SAINT,6
SAITH,5
SAJOU,5
SAKER,6
SAKES,6
SAKIS,7
SALAD,4
SALAL,4
SALEP,4
SALES,8
SALIC,6
SALLY,9
SALMI,6
SALOL,7
SALON,6
SALPA,4
SALPS,8
SALSA,5
SALTS,6
SALTY,6
SALVE,4
SALVO,5
SAMBA,4
SAMBO,5
SAMEK,5
SAMPS,7
SANDS,7
SANDY,6
SANED,6
SANER,7
SANES,7
SANGA,6
SANGH,4
SANTO,5
SAPID,5
SAPOR,6
SAPPY,9
SARAN,4
SARDS,8
SAREE,5
SARGE,7
SARGO,6
SARIN,8
SARIS,8
SARKS,9
SARKY,9
SAROD,3
SAROS,7
SASIN,8
SASSY,9
SATAY,5
SATED,7
SATEM,6
SATES,8
SATIN,7
SATIS,5
SATYR,5
SAUCE,6
SAUCH,4
SAUCY,5
SAUGH,6
SAULS,8
SAULT,6
SAUNA,6
SAURY,7
SAUTE,7
SAVED,8
SAVER,8
SAVES,9
SAVIN,8
SAVOR,8
SAVOY,7
SAVVY,10
SAWED,9
SAWER,9
SAXES,10
SAYED,10
SAYER,10
SAYID,5
SAYST,6
SCABS,4
SCADS,4
SCAGS,5
SCALD,4
SCALE,4
SCALL,4
SCALP,5
SCALY,6
SCAMP,6
SCAMS,6
SCANS,5
SCANT,4
SCAPE,5
SCARE,4
SCARF,5
SCARP,5
SCARS,6
SCART,5
SCARY,7
SCATS,4
SCATT,6
SCAUP,7
SCAUR,6
SCENA,4
SCEND,4
SCENE,5
SCENT,5
SCHAV,4
SCHMO,3
SCHUL,3
SCHWA,3
SCION,4
SCOFF,4
SCOLD,4
SCONE,4
SCOOP,5
SCOOT,4
SCOPE,4
SCOPS,4
SCORE,4
SCORN,4
SCOTS,5
SCOUR,4
SCOUT,4
SCOWL,6
SCOWS,6
SCRAG,4
SCRAM,5
SCRAP,6
SCREE,5
SCREW,5
SCRIM,4
SCRIP,4
SCROD,4
SCRUB,3
SCRUM,5
SCUBA,4
SCUDI,4
SCUDO,4
SCUDS,4
SCUFF,4
SCULK,5
SCULL,6
SCULP,7
SCUMS,5
SCUPS,6
SCURF,4
SCUTA,5
SCUTE,5
SCUTS,7
SCUZZ,6
SEALS,7
SEAMS,7
SEAMY,4
SEARS,9
SEATS,7
SEBUM,4
SECCO,6
SECTS,5
SEDAN,3
SEDER,4
SEDGE,5
SEDGY,5
SEDUM,3
SEEDS,7
SEEDY,4
SEEKS,8
SEELS,7
SEELY,6
SEEMS,6
SEEPS,7
SEEPY,4
SEERS,7
SEGNI,6
SEGNO,5
SEGOS,6
SEGUE,5
SEIFS,6
SEINE,5
SEISE,6
SEISM,5
SEIZE,7
SELAH,4
SELFS,6
SELLE,6
SELLS,7
SELVA,5
SEMEN,5
SEMES,6
SEMIS,6
SENDS,8
SENGI,6
SENNA,5
SENOR,5
SENSA,5
SENSE,6
SENTE,7
SENTI,6
SEPAL,4
SEPIA,6
SEPIC,5
SEPOY,5
SEPTA,4
SEPTS,5
SERAC,4
SERAI,5
SERAL,5
SERED,4
SERER,5
SERES,7
SERFS,7
SERGE,6
SERIF,6
SERIN,7
SEROW,6
SERRY,8
SERUM,4
SERVE,7
SERVO,5
SETAE,4
SETAL,5
SETON,6
SETTS,8
SETUP,5
SEVEN,6
SEVER,6
SEWAN,6
SEWAR,6
SEWED,7
SEWER,7
SEXED,7
SEXES,8
SEXTO,6
SEXTS,9
SHACK,4
SHADE,3
SHADS,3
SHADY,3
SHAFT,5
SHAGS,4
SHAHS,5
SHAKE,4
SHAKO,5
SHAKY,6
SHALE,5
SHALL,6
SHALT,7
SHALY,8
SHAME,6
SHAMS,6
SHANK,5
SHAPE,4
SHARD,3
SHARE,7
SHARK,5
SHARN,4
SHARP,7
SHAUL,7
SHAVE,8
SHAWL,8
SHAWM,8
SHAWN,5
SHAWS,7
SHAYS,8
SHEAF,5
SHEAL,6
SHEAR,5
SHEAS,5
SHEDS,3
SHEEN,4
SHEEP,5
SHEER,6
SHEET,7
SHEIK,5
SHELF,4
SHELL,5
SHEND,2
SHENT,4
SHEOL,4
SHERD,3
SHEWN,4
SHEWS,5
SHIED,3
SHIEL,3
SHIER,4
SHIES,5
SHIFT,4
SHILL,4
SHILY,5
SHIMS,5
SHINE,5
SHINS,6
SHINY,6
SHIPS,7
SHIRE,6
SHIRK,4
SHIRR,7
SHIRT,5
SHIST,6
SHITS,4
SHIVA,4
SHIVE,7
SHIVS,8
SHLEP,4
SHLUB,4
SHOAL,4
SHOAT,5
SHOCK,4
SHOED,4
SHOER,4
SHOES,5
SHOGI,5
SHOGS,6
SHOJI,6
SHONE,5
SHOOK,4
SHOOL,4
SHOON,5
SHOOS,6
SHOOT,3
SHOPS,6
SHORE,5
SHORL,5
SHORN,6
SHORT,5
SHOTE,4
SHOTS,4
SHOTT,4
SHOUT,6
SHOVE,6
SHOWN,7
SHOWS,6
SHOWY,7
SHOYU,5
SHRED,5
SHREW,5
SHRIS,4
SHRUB,5
SHRUG,5
SHTIK,4
SHUCK,4
SHULN,5
SHULS,6
SHUNS,5
SHUNT,5
SHUSH,6
SHUTE,5
SHUTS,5
SHWAS,4
SHYER,5
SHYLY,5
SIALS,4
SIBBS,4
SIBYL,3
SICES,6
SICKO,4
SICKS,10
SIDED,4
SIDES,5
SIDHE,3
SIDLE,4
SIEGE,6
SIEUR,5
SIEVE,6
SIFTS,7
SIGHS,6
SIGHT,9
SIGIL,5
SIGLA,3
SIGMA,4
SIGNA,5
SIGNS,7
SIKAS,6
SIKER,8
SIKES,9
SILDS,6
SILEX,4
SILKS,7
SILKY,6
SILLS,11
SILLY,7
SILOS,8
SILTS,9
SILTY,5
SILVA,5
SIMAR,4
SIMAS,6
SIMPS,7
SINCE,5
SINES,10
SINEW,7
SINGE,7
SINGS,9
SINHS,5
SINKS,12
SINUS,8
SIPED,11
SIPES,9
SIRED,10
SIREE,6
SIREN,6
SIRES,6
SIRRA,5
SIRUP,5
SISAL,6
SISES,9
SISSY,6
SITAR,5
SITED,5
SITES,7
SITUP,6
SITUS,7
SIVER,8
SIXES,7
SIXMO,4
SIXTE,7
SIXTH,6
SIXTY,6
SIZAR,6
SIZED,11
SIZER,9
SIZES,10
SKAGS,6
SKALD,5
SKANK,5
SKATE,3
SKATS,7
SKEAN,4
SKEED,6
SKEEN,5
SKEES,5
SKEET,5
SKEGS,6
SKEIN,5
SKELL,6
SKELM,7
SKELP,4
SKENE,6
SKEPS,6
SKEWS,6
SKIDS,7
SKIED,6
SKIER,6
SKIES,6
SKIEY,6
SKIFF,4
SKILL,5
SKIMO,6
SKIMP,4
SKIMS,7
SKINK,7
SKINS,7
SKINT,8
SKIPS,6
SKIRL,4
SKIRR,5
SKIRT,6
SKITE,6
SKITS,7
SKIVE,5
SKOAL,4
SKORT,4
SKOSH,4
SKUAS,5
SKULK,4
SKULL,5
SKUNK,5
SKYED,7
SKYEY,5
SLABS,4
SLACK,6
SLAGS,5
SLAIN,7
SLAKE,3
SLAMS,6
SLANG,5
SLANK,6
SLANT,6
SLAPS,6
SLASH,6
SLATE,5
SLATS,7
SLATY,7
SLAVE,6
SLAWS,8
SLAYS,9
SLEDS,5
SLEEK,4
SLEEP,5
SLEET,5
SLEPT,4
SLEWS,6
SLICE,5
SLICK,5
SLIDE,5
SLIER,6
SLILY,5
SLIME,6
SLIMS,6
SLIMY,6
SLING,6
SLINK,5
SLIPE,4
SLIPS,5
SLIPT,4
SLITS,8
SLOBS,5
SLOES,5
SLOGS,5
SLOID,7
SLOJD,4
SLOOP,5
SLOPE,4
SLOPS,6
SLOSH,5
SLOTH,4
SLOTS,5
SLOWS,6
SLOYD,5
SLUBS,5
SLUED,6
SLUES,5
SLUFF,5
SLUGS,6
SLUMP,6
SLUMS,5
SLUNG,7
SLUNK,5
SLURB,4
SLURP,4
SLURS,5
SLUSH,6
SLUTS,6
SLYER,5
SLYLY,5
SLYPE,5
SMACK,6
SMALL,5
SMALT,6
SMARM,5
SMART,6
SMASH,5
SMAZE,5
SMEAR,4
SMEEK,4
SMELL,7
SMELT,6
SMERK,5
SMEWS,7
SMILE,6
SMIRK,5
SMITE,7
SMITH,5
SMOCK,5
SMOGS,5
SMOKE,5
SMOKY,5
SMOLT,4
SMOTE,5
SMUSH,5
SMUTS,5
SNACK,5
SNAFU,5
SNAGS,7
SNAIL,6
SNAKE,4
SNAKY,6
SNAPS,6
SNARE,5
SNARF,5
SNARK,6
SNARL,5
SNASH,3
SNATH,4
SNAWS,6
SNEAK,5
SNEAP,4
SNECK,5
SNEDS,5
SNEER,7
SNELL,8
SNIBS,4
SNICK,5
SNIDE,4
SNIFF,5
SNIPE,5
SNIPS,7
SNITS,6
SNOBS,6
SNOGS,6
SNOOD,4
SNOOK,5
SNOOL,5
SNOOP,6
SNOOT,5
SNORE,5
SNORT,5
SNOTS,6
SNOUT,4
SNOWS,6
SNOWY,5
SNUBS,5
SNUCK,5
SNUFF,5
SNUGS,5
SNYES,7
SOAKS,6
SOAPS,7
SOAPY,5
SOARS,7
SOAVE,6
SOBAS,5
SOBER,6
SOCAS,4
SOCKO,5
SOCKS,10
SOCLE,4
SODAS,4
SODDY,5
SODIC,4
SODOM,4
SOFAR,4
SOFAS,7
SOFTA,5
SOFTS,5
SOFTY,4
SOGGY,6
SOILS,8
SOJAS,5
SOKES,7
SOKOL,6
SOLAN,6
SOLAR,7
SOLDI,4
SOLDO,4
SOLED,7
SOLEI,6
SOLES,8
SOLID,6
SOLON,6
SOLOS,9
SOLUM,5
SOLUS,9
SOLVE,6
SOMAN,5
SOMAS,7
SONAR,5
SONDE,4
SONES,8
SONGS,6
SONIC,5
SONLY,5
SONNY,6
SONSY,6
SOOEY,5
SOOKS,8
SOOTH,4
SOOTS,7
SOOTY,5
SOPHS,7
SOPHY,6
SOPOR,4
SOPPY,7
SORAS,7
SORBS,5
SORDS,6
SORED,6
SOREL,6
SORER,6
SORES,10
SORGO,5
SORNS,7
SORRY,5
SORTA,5
SORTS,7
SORUS,7
SOTHS,6
SOTOL,5
SOUGH,6
SOUKS,6
SOULS,7
SOUND,7
SOUPS,7
SOUPY,6
SOURS,7
SOUSE,6
SOUTH,6
SOWAR,6
SOWED,9
SOWER,7
SOYAS,8
SOYUZ,5
SOZIN,5
SPACE,5
SPACY,5
SPADE,3
SPADO,3
SPAED,2
SPAES,3
SPAHI,5
SPAIL,7
SPAIT,5
SPAKE,5
SPALE,5
SPALL,5
SPAMS,6
SPANG,5
SPANK,6
SPANS,6
SPARE,6
SPARK,7
SPARS,6
SPASM,6
SPATE,7
SPATS,7
SPAWN,6
SPAYS,7
SPAZZ,7
SPEAK,5
SPEAN,5
SPEAR,5
SPECK,4
SPECS,5
SPEED,6
SPEEL,4
SPEER,8
SPEIL,4
SPEIR,5
SPELL,5
SPELT,5
SPEND,5
SPENT,5
SPERM,5
SPEWS,5
SPICA,4
SPICE,5
SPICK,4
SPICS,4
SPICY,5
SPIED,7
SPIEL,5
SPIER,7
SPIES,7
SPIFF,5
SPIKE,5
SPIKS,5
SPIKY,6
SPILE,5
SPILL,5
SPILT,5
SPINE,6
SPINS,6
SPINY,7
SPIRE,7
SPIRT,4
SPIRY,5
SPITE,8
SPITS,7
SPITZ,5
SPIVS,8
SPLAT,6
SPLAY,6
SPLIT,5
SPODE,4
SPOIL,5
SPOKE,5
SPOOF,6
SPOOK,6
SPOOL,6
SPOON,6
SPOOR,5
SPORE,6
SPORT,6
SPOTS,7
SPOUT,5
SPRAG,4
SPRAT,5
SPRAY,6
SPREE,6
SPRIG,4
SPRIT,5
SPRUE,5
SPRUG,4
SPUDS,5
SPUED,5
SPUES,6
SPUME,5
SPUMY,7
SPUNK,5
SPURN,5
SPURS,6
SPURT,4
SPUTA,4
SQUAB,4
SQUAD,4
SQUAT,5
SQUAW,6
SQUEG,5
SQUIB,3
SQUID,5
STABS,4
STACK,4
STADE,4
STAFF,5
STAGE,8
STAGS,5
STAGY,5
STAID,4
STAIG,4
STAIN,4
STAIR,4
STAKE,6
STALE,6
STALK,5
STALL,6
STAMP,6
STAND,4
STANE,9
STANG,6
STANK,7
STAPH,5
STARE,7
STARK,5
STARS,5
START,7
STASH,6
STATE,8
STATS,8
STAVE,7
STAYS,6
STEAD,5
STEAK,6
STEAL,5
STEAM,6
STEED,7
STEEK,4
STEEL,5
STEEP,6
STEER,4
STEIN,6
STELA,4
STELE,5
STEMS,7
STENO,5
STENT,7
STEPS,5
STERE,5
STERN,6
STETS,8
STEWS,8
STEWY,6
STICH,5
STICK,6
STIED,8
STIES,4
STIFF,6
STILE,5
STILL,6
STILT,6
STIME,5
STIMY,6
STING,6
STINK,6
STINT,7
STIPE,6
STIRK,6
STIRP,4
STIRS,6
STOAE,5
STOAI,5
STOAS,6
STOAT,4
STOBS,6
STOCK,4
STOGY,5
STOIC,6
STOKE,5
STOLE,5
STOMA,4
STOMP,5
STONE,6
STONY,6
STOOD,5
STOOK,6
STOOL,7
STOOP,6
STOPE,5
STOPS,5
STOPT,6
STORE,6
STORK,4
STORM,5
STORY,6
STOSS,6
STOTS,8
STOTT,7
STOUP,5
STOUR,5
STOUT,6
STOVE,7
STOWP,7
STOWS,7
STRAP,5
STRAW,5
STRAY,6
STREP,4
STREW,5
STRIA,4
STRIP,4
STROP,5
STROW,6
STROY,7
STRUM,6
STRUT,4
STUBS,6
STUCK,4
STUDS,6
STUDY,4
STUFF,4
STULL,5
STUMP,6
STUMS,6
STUNG,7
STUNK,8
STUNS,5
STUNT,4
STUPA,5
STUPE,5
STURT,5
STYED,8
STYES,4
STYLE,5
STYLI,5
STYMY,5
SUAVE,8
SUBAH,4
SUBAS,5
SUBER,5
SUCKS,8
SUCKY,4
SUCRE,5
SUDDS,4
SUDOR,5
SUDSY,4
SUEDE,4
SUERS,6
SUETS,7
SUETY,6
SUGAR,5
SUGHS,5
SUING,7
SUINT,7
SUITE,6
SUITS,7
SULCI,5
SULFA,5
SULFO,5
SULKS,6
SULKY,5
SULLY,5
SULUS,7
SUMAC,5
SUMMA,5
SUMOS,6
SUMPS,9
SUNNA,6
SUNNS,6
SUNNY,6
SUNUP,6
SUPER,6
SUPES,7
SUPRA,5
SURAH,4
SURAL,8
SURAS,5
SURDS,5
SURER,7
SURFS,6
SURFY,5
SURGE,7
SURGY,5
SURLY,6
SURRA,7
SUSHI,4
SUTRA,5
SUTTA,5
SWABS,5
SWAGE,8
SWAGS,8
SWAIL,8
SWAIN,5
SWALE,7
SWAMI,5
SWAMP,7
SWAMY,7
SWANG,6
SWANK,7
SWANS,6
SWAPS,6
SWARD,4
SWARE,8
SWARF,6
SWARM,6
SWART,8
SWASH,7
SWATH,6
SWATS,9
SWAYS,7
SWEAR,6
SWEAT,6
SWEDE,5
SWEEP,6
SWEER,9
SWEET,6
SWELL,9
SWEPT,5
SWIFT,5
SWIGS,6
SWILL,7
SWIMS,8
SWINE,6
SWING,8
SWINK,7
SWIPE,7
SWIRL,5
SWISH,4
SWISS,8
SWITH,4
SWIVE,6
SWOBS,7
SWOON,7
SWOOP,7
SWOPS,7
SWORD,5
SWORE,6
SWORN,5
SWOTS,9
SWOUN,5
SWUNG,6
SYCEE,5
SYCES,5
SYKES,7
SYLIS,5
SYLPH,5
SYLVA,5
SYNCH,6
SYNCS,5
SYNOD,4
SYNTH,6
SYPHS,5
SYREN,6
SYRUP,5
SYSOP,5
TABBY,5
TABER,5
TABES,7
TABID,6
TABLA,3
TABLE,7
TABOO,3
TABOR,4
TABUN,4
TABUS,4
TACES,7
TACET,6
TACHE,3
TACHS,5
TACIT,4
TACKS,4
TACKY,5
TACOS,4
TACTS,6
TAELS,4
TAFFY,5
TAFIA,6
TAHRS,3
TAIGA,5
TAILS,5
TAINS,5
TAINT,7
TAJES,8
TAKAS,7
TAKEN,7
TAKER,8
TAKES,9
TAKIN,6
TALAR,7
TALAS,5
TALCS,4
TALER,5
TALES,9
TALKS,5
TALKY,5
TALLS,6
TALLY,5
TALON,7
TALUK,6
TALUS,6
TAMAL,5
TAMED,9
TAMER,8
TAMES,8
TAMIS,6
TAMMY,5
TAMPS,6
TANGA,7
TANGO,5
TANGS,6
TANGY,6
TANKA,6
TANKS,6
TANSY,7
TANTO,6
TAPAS,9
TAPED,8
TAPER,8
TAPES,10
TAPIR,6
TAPIS,7
TARDO,4
TARDY,7
TARED,10
TARES,11
TARGE,8
TARNS,7
TAROC,5
TAROK,6
TAROS,6
TAROT,5
TARPS,7
TARRE,5
TARRY,7
TARSI,4
TARTS,8
TARTY,6
TASKS,7
TASSE,7
TASTE,7
TASTY,7
TATAR,7
TATER,9
TATES,10
TATTY,8
TAUNT,7
TAUON,8
TAUPE,6
TAUTS,8
TAWED,9
TAWER,8
TAWIE,5
TAWNY,7
TAWSE,7
TAXED,10
TAXER,9
TAXES,11
TAXIS,8
TAXOL,6
TAXON,9
TAXUS,6
TAZZA,8
TAZZE,4
TEACH,6
TEAKS,5
TEALS,8
TEAMS,7
TEARS,10
TEARY,6
TEASE,7
TEATS,8
TECHS,5
TECHY,4
TECTA,5
TEDDY,5
TEELS,8
TEEMS,7
TEENS,7
TEENY,7
TEETH,3
TEFFS,6
TEGGS,7
TEGUA,6
TEIID,5
TEIND,4
TELAE,6
TELCO,4
TELES,4
TELEX,4
TELIA,5
TELIC,6
TELLS,8
TELLY,9
TELOI,5
TELOS,6
TEMPI,5
TEMPO,5
TEMPS,6
TEMPT,6
TENCH,4
TENDS,9
TENDU,6
TENET,4
TENGE,7
TENIA,5
TENON,5
TENOR,5
TENSE,7
TENTH,5
TENTS,7
TENTY,7
TEPAL,7
TEPAS,4
TEPEE,5
TEPID,6
TEPOY,5
TERAI,6
TERCE,5
TERGA,5
TERMS,6
TERNE,6
TERNS,8
TERRA,6
TERRY,9
TERSE,7
TESLA,4
TESTA,4
TESTS,8
TESTY,7
TETHS,5
TETRA,6
TETRI,6
TEUCH,5
TEUGH,4
TEWED,5
TEXAS,5
TEXTS,8
THACK,5
THANE,5
THANK,4
THARM,6
THAWS,6
THEBE,3
THECA,3
THEFT,5
THEGN,5
THEIN,6
THEIR,5
THEME,4
THENS,5
THERE,4
THERM,6
THESE,4
THESP,5
THETA,4
THEWS,5
THEWY,6
THICK,4
THIEF,4
THIGH,4
THILL,5
THINE,4
THING,5
THINK,6
THINS,4
THIOL,3
THIRD,3
THIRL,6
THOLE,5
THONG,4
THORN,5
THORO,4
THORP,4
THOSE,5
THOUS,4
THRAW,5
THREE,3
THREW,4
THRIP,4
THROB,3
THROE,5
THROW,4
THRUM,4
THUDS,3
THUGS,4
THUJA,5
THUMB,3
THUMP,5
THUNK,5
THURL,5
THUYA,5
THYME,5
THYMI,5
THYMY,5
TIARA,4
TIBIA,3
TICAL,6
TICKS,11
TIDAL,4
TIDED,5
TIDES,6
TIERS,7
TIFFS,6
TIGER,3
TIGHT,10
TIGON,6
TIKES,4
TIKIS,7
TIKKA,6
TILAK,6
TILDE,4
TILED,4
TILER,4
TILES,5
TILLS,12
TILTH,7
TILTS,10
TIMED,5
TIMER,5
TIMES,6
TIMID,5
TINCT,5
TINEA,5
TINED,6
TINES,7
TINGE,7
TINGS,10
TINNY,5
TINTS,9
TIPIS,7
TIPPY,6
TIPSY,5
TIRED,7
TIRES,4
TIRLS,6
TIROS,6
TITAN,6
TITER,8
TITHE,6
TITIS,8
TITLE,5
TITRE,8
TITTY,7
TIZZY,7
TOADS,6
TOADY,4
TOAST,5
TODAY,4
TODDY,6
TOEAS,4
TOFFS,5
TOFFY,5
TOFTS,6
TOFUS,6
TOGAE,5
TOGAS,5
TOGUE,6
TOILE,5
TOILS,9
TOITS,5
TOKAY,6
TOKED,8
TOKEN,5
TOKER,4
TOKES,5
TOLAN,6
TOLAR,8
TOLAS,6
TOLED,8
TOLES,6
TOLLS,6
TOLUS,7
TOLYL,5
TOMAN,5
TOMBS,5
TOMES,7
TOMMY,6
TONAL,8
TONDI,4
TONDO,7
TONED,9
TONER,5
TONES,8
TONEY,5
TONGA,6
TONGS,7
TONIC,5
TONNE,5
TONUS,5
TOOLS,7
TOONS,5
TOOTH,4
TOOTS,8
TOPAZ,7
TOPED,10
TOPEE,5
TOPER,6
TOPES,9
TOPHE,5
TOPHI,5
TOPHS,5
TOPIC,6
TOPIS,5
TOPOI,5
TOPOS,6
TOQUE,6
TORAH,5
TORAS,6
TORCH,5
TORCS,5
TORES,5
TORIC,6
TORII,5
TOROS,7
TOROT,7
TORRS,6
TORSE,6
TORSI,4
TORSK,4
TORSO,5
TORTA,7
TORTE,6
TORTS,8
TORUS,7
TOTAL,8
TOTED,10
TOTEM,6
TOTER,6
TOTES,8
TOUCH,4
TOUGH,4
TOURS,7
TOUSE,7
TOUTS,7
TOWED,11
TOWEL,6
TOWER,7
TOWIE,7
TOWNS,5
TOWNY,7
TOXIC,7
TOXIN,5
TOYED,7
TOYER,8
TOYON,6
TOYOS,8
TRACE,5
TRACK,5
TRACT,4
TRADE,7
TRAGI,4
TRAIK,5
TRAIL,6
TRAIN,4
TRAIT,5
TRAMP,5
TRAMS,5
TRANK,6
TRANQ,7
TRANS,6
TRAPS,7
TRAPT,6
TRASH,6
TRASS,8
TRAVE,5
TRAWL,5
TRAYS,9
TREAD,5
TREAT,5
TREED,7
TREEN,4
TREES,4
TREKS,6
TREND,5
TRESS,7
TRETS,6
TREWS,8
TREYS,9
TRIAC,4
TRIAD,5
TRIAL,5
TRIBE,5
TRICE,6
TRICK,5
TRIED,6
TRIER,4
TRIES,4
TRIGO,5
TRIGS,6
TRIKE,6
TRILL,7
TRIMS,6
TRINE,7
TRIOL,5
TRIOS,6
TRIPE,5
TRIPS,5
TRITE,7
TROAK,5
TROCK,5
TRODE,5
TROGS,7
TROIS,6
TROKE,6
TROLL,5
TROMP,6
TRONA,6
TRONE,6
TROOP,5
TROOZ,6
TROPE,6
TROTH,5
TROTS,7
TROUT,6
TROVE,6
TROWS,6
TROYS,7
TRUCE,5
TRUCK,4
TRUED,5
TRUER,5
TRUES,5
TRUGS,5
TRULL,5
TRULY,5
TRUMP,6
TRUNK,4
TRUSS,6
TRUST,4
TRUTH,5
TRYMA,5
TRYST,5
TSADE,4
TSADI,4
TSARS,6
TSKED,7
TSUBA,4
TUBAE,4
TUBAL,4
TUBAS,6
TUBBY,6
TUBED,5
TUBER,3
TUBES,4
TUCKS,9
TUFAS,6
TUFFS,8
TUFTS,6
TUFTY,5
TULES,6
TULIP,5
TULLE,5
TUMID,5
TUMMY,7
TUMOR,6
TUMPS,10
TUNAS,7
TUNED,9
TUNER,6
TUNES,7
TUNGS,7
TUNIC,6
TUNNY,6
TUPIK,5
TUQUE,5
TURBO,5
TURDS,6
TURFS,7
TURFY,5
TURKS,6
TURNS,5
TURPS,8
TUSHY,5
TUSKS,6
TUTEE,4
TUTOR,7
TUTTI,6
TUTTY,7
TUTUS,8
TUXES,8
TUYER,7
TWAES,4
TWAIN,5
TWANG,5
TWATS,8
TWEAK,4
TWEED,7
TWEEN,4
TWEET,6
TWERP,5
TWICE,7
TWIER,5
TWIGS,7
TWILL,6
TWINE,7
TWINS,8
TWINY,5
TWIRL,5
TWIRP,5
TWIST,5
TWITS,8
TWIXT,5
TWYER,6
TYEES,5
TYERS,6
TYING,6
TYIYN,6
TYKES,5
TYNED,6
TYNES,6
TYPAL,5
TYPED,7
TYPES,7
TYPEY,6
TYPIC,6
TYPOS,6
TYPPS,5
TYRED,6
TYRES,6
TYROS,7
TYTHE,5
TZARS,6
UDDER,5
UDONS,5
UHLAN,3
UKASE,4
ULAMA,6
ULANS,6
ULCER,5
ULEMA,4
ULNAD,3
ULNAE,4
ULNAR,4
ULNAS,5
ULPAN,5
ULTRA,4
ULVAS,5
UMAMI,5
UMBEL,4
UMBER,5
UMBOS,4
UMBRA,4
UMIAC,4
UMIAK,4
UMIAQ,5
UMPED,6
UNAIS,4
UNAPT,6
UNARM,6
UNARY,7
UNAUS,7
UNBAN,5
UNBAR,5
UNBID,3
UNBOX,4
UNCAP,4
UNCIA,4
UNCLE,5
UNCOS,6
UNCOY,5
UNCUS,5
UNCUT,4
UNDEE,4
UNDER,5
UNDID,5
UNDUE,5
UNFED,5
UNFIT,5
UNFIX,5
UNGOT,5
UNHAT,4
UNHIP,4
UNIFY,6
UNION,8
UNITE,6
UNITS,7
UNITY,5
UNJAM,5
UNLAY,5
UNLED,6
UNLET,5
UNLIT,6
UNMAN,5
UNMET,5
UNMEW,5
UNMIX,6
UNPEG,5
UNPEN,6
UNPIN,6
UNRIG,6
UNRIP,6
UNSAY,5
UNSET,6
UNSEW,6
UNSEX,5
UNTIE,5
UNTIL,6
UNWED,7
UNWET,7
UNWIT,6
UNWON,6
UNZIP,7
UPBOW,5
UPBYE,3
UPDOS,5
UPDRY,5
UPEND,6
UPLIT,6
UPPED,7
UPPER,6
UPSET,6
URAEI,3
URARE,7
URARI,6
URASE,5
URATE,9
URBAN,5
URBIA,5
UREAL,4
UREAS,5
UREDO,4
UREIC,4
URGED,6
URGER,5
URGES,6
URIAL,6
URINE,7
URPED,5
URSAE,4
URSID,5
USAGE,5
USERS,6
USHER,3
USING,5
USNEA,3
USQUE,6
USUAL,5
USURP,5
USURY,5
UTERI,6
UTILE,6
UTTER,5
UVEAL,5
UVEAS,6
UVULA,4
VACUA,5
VAGAL,6
VAGUE,4
VAGUS,7
VAILS,11
VAIRS,8
VAKIL,6
VALES,10
VALET,5
VALID,5
VALOR,9
VALSE,4
VALUE,5
VALVE,5
VAMPS,8
VAMPY,6
VANDA,4
VANED,9
VANES,9
VANGS,6
VAPID,5
VAPOR,7
VARAS,5
VARIA,8
VARIX,7
VARNA,6
VARUS,8
VARVE,6
VASAL,4
VASES,9
VASTS,9
VASTY,8
VATIC,4
VATUS,5
VAULT,7
VAUNT,8
VEALS,9
VEALY,6
VEENA,7
VEEPS,8
VEERS,8
VEERY,7
VEGAN,5
VEGES,4
VEGIE,6
VEILS,6
VEINS,7
VEINY,7
VELAR,6
VELDS,6
VELDT,6
VELUM,5
VENAE,6
VENAL,8
VENDS,10
VENGE,7
VENIN,7
VENOM,5
VENTS,8
VENUE,6
VENUS,6
VERBS,5
VERGE,7
VERSE,8
VERSO,6
VERST,7
VERTS,8
VERTU,5
VERVE,7
VESTA,5
VESTS,9
VETCH,7
VEXED,8
VEXER,5
VEXES,9
VEXIL,7
VIALS,5
VIAND,5
VIBES,7
VICAR,4
VICED,5
VICES,7
VICHY,6
VIDEO,5
VIERS,4
VIEWS,5
VIEWY,5
VIGAS,5
VIGIA,3
VIGIL,7
VIGOR,5
VILER,6
VILLA,4
VILLI,5
VILLS,13
VIMEN,5
VINAL,6
VINAS,7
VINCA,5
VINED,6
VINES,6
VINIC,5
VINOS,7
VINYL,5
VIOLA,5
VIOLS,6
VIPER,7
VIRAL,5
VIREO,6
VIRES,7
VIRGA,4
VIRID,6
VIRLS,7
VIRTU,5
VIRUS,7
VISAS,6
VISED,7
VISES,7
VISIT,5
VISOR,4
VISTA,6
VITAE,6
VITAL,7
VITTA,6
VIVAS,7
VIVID,6
VIXEN,6
VIZIR,4
VIZOR,6
VOCAB,4
VOCAL,6
VOCES,6
VODKA,4
VODOU,5
VODUN,4
VOGIE,5
VOGUE,7
VOICE,5
VOIDS,7
VOILA,3
VOILE,6
VOLAR,9
VOLED,9
VOLES,9
VOLTA,5
VOLTE,6
VOLTI,5
VOLTS,7
VOLVA,6
VOMER,6
VOMIT,5
VOTED,6
VOTER,7
VOTES,9
VOUCH,6
VOWED,7
VOWEL,6
VOWER,8
VROOM,6
VROUW,6
VROWS,6
VUGGS,6
VUGGY,6
VUGHS,6
VULGO,6
VULVA,5
VYING,6
WACKE,5
WACKO,5
WACKS,10
WACKY,5
WADDY,7
WADED,8
WADER,5
WADES,7
WADIS,9
WAFER,4
WAFFS,7
WAFTS,5
WAGED,7
WAGER,8
WAGES,9
WAGON,8
WAHOO,4
WAIFS,6
WAILS,12
WAINS,10
WAIRS,9
WAIST,6
WAITS,5
WAIVE,5
WAKED,8
WAKEN,8
WAKER,9
WAKES,10
WALED,10
WALER,6
WALES,11
WALKS,7
WALLA,4
WALLS,9
WALLY,8
WALTZ,6
WAMES,9
WAMUS,7
WANDS,8
WANED,10
WANES,10
WANEY,6
WANKS,7
WANLY,8
WANTS,8
WARDS,9
WARED,11
WARES,12
WARKS,10
WARMS,9
WARNS,7
WARPS,8
WARTS,9
WARTY,7
WASHY,5
WASPS,7
WASPY,8
WASTE,8
WASTS,10
WATAP,6
WATCH,10
WATER,10
WATTS,9
WAUGH,7
WAUKS,7
WAULS,9
WAVED,10
WAVER,9
WAVES,11
WAVEY,7
WAWLS,9
WAXED,10
WAXEN,8
WAXER,10
WAXES,11
WAZOO,5
WEALD,3
WEALS,10
WEANS,8
WEARS,11
WEARY,6
WEAVE,6
WEBBY,4
WEBER,4
WECHT,5
WEDEL,3
WEDGE,6
WEDGY,6
WEEDS,8
WEEDY,7
WEEKS,9
WEENS,8
WEENY,8
WEEPS,9
WEEPY,4
WEEST,7
WEETS,8
WEFTS,7
WEIGH,5
WEIRD,5
WEIRS,6
WEKAS,3
WELCH,7
WELDS,7
WELLS,9
WELLY,10
WELSH,5
WELTS,8
WENCH,6
WENDS,11
WENNY,7
WESTS,10
WETLY,7
WHACK,6
WHALE,6
WHAMO,7
WHAMS,7
WHANG,4
WHAPS,8
WHARF,4
WHATS,7
WHAUP,7
WHEAL,5
WHEAT,6
WHEEL,4
WHEEN,5
WHEEP,6
WHELK,5
WHELM,6
WHELP,6
WHENS,5
WHERE,5
WHETS,5
WHEWS,6
WHEYS,6
WHICH,4
WHIDS,3
WHIFF,5
WHIGS,5
WHILE,5
WHIMS,6
WHINE,6
WHINS,7
WHINY,6
WHIPS,8
WHIPT,4
WHIRL,5
WHIRR,7
WHIRS,9
WHISH,6
WHISK,5
WHIST,5
WHITE,5
WHITS,5
WHITY,4
WHIZZ,8
WHOLE,6
WHOMP,6
WHOOF,5
WHOOP,6
WHOPS,7
WHORE,5
WHORL,6
WHORT,5
WHOSE,5
WHOSO,5
WHUMP,6
WHUPS,6
WICCA,5
WICKS,12
WIDDY,6
WIDEN,5
WIDER,5
WIDES,7
WIDOW,4
WIDTH,4
WIELD,4
WIFED,5
WIFES,5
WIFEY,6
WIFTY,6
WIGAN,5
WIGGY,8
WIGHT,11
WILCO,6
WILDS,7
WILED,10
WILES,9
WILLS,14
WILLY,6
WILTS,11
WIMPS,8
WIMPY,7
WINCE,6
WINCH,6
WINDS,7
WINDY,5
WINED,10
WINES,11
WINEY,8
WINGS,11
WINGY,8
WINKS,13
WINOS,8
WINZE,8
WIPED,12
WIPER,9
WIPES,10
WIRED,11
WIRER,9
WIRES,8
WIRRA,6
WISED,11
WISER,9
WISES,10
WISHA,4
WISPS,6
WISPY,6
WISTS,8
WITAN,7
WITCH,4
WITED,6
WITES,8
WITHE,7
WITHY,4
WITTY,8
WIVED,8
WIVER,9
WIVES,7
WIZEN,7
WIZES,10
WOADS,7
WOALD,5
WODGE,5
WOFUL,5
WOKEN,7
WOLDS,7
WOLFS,6
WOMAN,6
WOMBS,6
WOMBY,5
WOMEN,7
WOMYN,6
WONKS,7
WONKY,5
WONTS,5
WOODS,9
WOODY,6
WOOED,9
WOOER,5
WOOFS,7
WOOLS,8
WOOLY,5
WOOPS,8
WOOSH,4
WOOZY,7
WORDS,6
WORDY,4
WORKS,8
WORLD,4
WORMS,8
WORMY,7
WORRY,8
WORSE,7
WORST,5
WORTH,6
WORTS,9
WOULD,5
WOUND,8
WOVEN,6
WOWED,11
WRACK,7
WRANG,6
WRAPS,6
WRAPT,7
WRATH,5
WREAK,5
WRECK,5
WRENS,6
WREST,5
WRICK,6
WRIED,7
WRIER,7
WRIES,6
WRING,7
WRIST,6
WRITE,8
WRITS,7
WRONG,6
WROTE,6
WROTH,6
WRUNG,6
WRYER,6
WRYLY,5
WURST,4
WUSHU,5
WUSSY,8
WYLED,6
WYLES,6
WYNDS,4
WYNNS,5
WYTED,7
WYTES,6
XEBEC,5
XENIA,6
XENIC,6
XENON,6
XERIC,6
XEROX,6
XERUS,6
XYLAN,6
XYLEM,4
XYLOL,5
XYLYL,5
XYSTI,5
XYSTS,6
YABBY,6
YACHT,4
YACKS,11
YAFFS,5
YAGER,9
YAGIS,6
YAHOO,4
YAIRD,4
YAMEN,6
YAMUN,6
YANGS,5
YANKS,6
YAPOK,6
YAPON,7
YARDS,3
YARER,9
YARNS,7
YAUDS,4
YAULD,4
YAUPS,6
YAWED,11
YAWEY,7
YAWLS,6
YAWNS,8
YAWPS,6
YCLAD,3
YEAHS,4
YEANS,9
YEARN,5
YEARS,12
YEAST,6
YECCH,8
YECHS,6
YECHY,5
YEGGS,7
YELKS,7
YELLS,10
YELPS,5
YENTA,7
YENTE,7
YERBA,4
YERKS,6
YESES,8
YETIS,7
YETTS,9
YEUKS,5
YEUKY,5
YIELD,5
YIKES,10
YILLS,15
YINCE,7
YIPES,11
YIRDS,3
YIRRS,8
YIRTH,7
YLEMS,6
YOBBO,4
YOCKS,11
YODEL,4
YODHS,4
YODLE,4
YOGAS,8
YOGEE,4
YOGHS,5
YOGIC,6
YOGIN,6
YOGIS,7
YOKED,7
YOKEL,7
YOKES,8
YOLKS,5
YOLKY,5
YOMIM,6
YONIC,6
YONIS,7
YORES,10
YOUNG,5
YOURN,6
YOURS,8
YOUSE,8
YOUTH,7
YOWED,8
YOWES,10
YOWIE,8
YOWLS,6
YUANS,7
YUCAS,4
YUCCA,4
YUCCH,4
YUCKS,10
YUCKY,5
YUGAS,7
YUKKY,6
YULAN,6
YULES,8
YUMMY,8
YUPON,5
YUPPY,7
YURTA,7
YURTS,8
ZAIRE,3
ZAMIA,7
ZANZA,7
ZAPPY,10
ZARFS,6
ZAXES,12
ZAYIN,9
ZAZEN,9
ZEALS,11
ZEBEC,6
ZEBRA,4
ZEBUS,4
ZEINS,8
ZERKS,7
ZEROS,6
ZESTS,11
ZESTY,8
ZETAS,5
ZIBET,4
ZILCH,6
ZILLS,16
ZINCS,5
ZINCY,6
ZINEB,4
ZINES,12
ZINGS,12
ZINGY,9
ZINKY,9
ZIPPY,8
ZIRAM,4
ZITIS,9
ZIZIT,7
ZLOTE,5
ZLOTY,6
ZOEAE,5
ZOEAL,5
ZOEAS,6
ZOMBI,4
ZONAE,5
ZONAL,9
ZONED,10
ZONER,8
ZONES,9
ZONKS,8
ZOOEY,6
ZOOID,7
ZOOKS,9
ZOOMS,8
ZOONS,9
ZOOTY,6
ZORIL,6
ZORIS,7
ZOUKS,7
ZOWIE,9
ZUZIM,6
ZYMES,6
