AAHED,10
AALII,6
AARGH,5
ABACA,6
ABACI,5
ABACK,5
ABAFT,6
ABAKA,6
ABAMP,5
ABASE,7
ABASH,6
ABATE,8
ABAYA,4
ABBAS,7
ABBES,8
ABBEY,6
ABBOT,5
ABEAM,5
ABELE,8
ABETS,5
ABHOR,5
ABIDE,6
ABLED,5
ABLER,4
ABLES,7
ABMHO,4
ABODE,7
ABOHM,4
ABOIL,6
ABOMA,6
ABOON,5
ABORT,6
ABOUT,5
ABOVE,6
ABRIS,6
ABUSE,5
ABUTS,7
ABUZZ,3
ABYES,4
ABYSM,4
ABYSS,4
ACARI,5
ACERB,6
ACETA,5
ACHED,7
ACHES,7
ACHOO,5
ACIDS,7
ACIDY,5
ACING,8
ACINI,6
ACKEE,4
ACMES,4
ACMIC,6
ACNED,6
ACNES,7
ACOCK,6
ACOLD,6
ACORN,5
ACRED,5
ACRES,8
ACRID,6
ACTED,5
ACTIN,5
ACTOR,5
ACUTE,6
ACYLS,5
ADAGE,7
ADAPT,5
ADDAX,6
ADDED,7
ADDER,8
ADDLE,7
ADEEM,4
ADEPT,5
ADIEU,6
ADIOS,4
ADITS,7
ADMAN,6
ADMEN,6
ADMIT,6
ADMIX,5
ADOBE,6
ADOBO,5
ADOPT,6
ADORE,6
ADORN,4
ADOWN,5
ADOZE,5
ADULT,5
ADUNC,4
ADUST,6
ADYTA,3
ADZED,4
ADZES,4
AECIA,6
AEDES,11
AEGIS,7
AEONS,7
AERIE,6
AFARS,9
AFFIX,6
AFIRE,5
AFOOT,5
AFORE,5
AFOUL,5
AFRIT,6
AFTER,8
AGAIN,5
AGAMA,5
AGAPE,7
AGARS,8
AGATE,7
AGAVE,6
AGAZE,5
AGENE,6
AGENT,6
AGERS,7
AGGER,8
AGGIE,7
AGGRO,5
AGHAS,5
AGILE,6
AGING,7
AGIOS,5
AGISM,3
AGIST,6
AGITA,5
AGLEE,7
AGLET,7
AGLEY,7
AGLOW,3
AGMAS,7
AGONE,5
AGONS,5
AGONY,4
AGORA,5
AGREE,6
AGRIA,4
AGUES,6
AHEAD,5
AHING,5
AHOLD,7
AHULL,5
AIDED,9
AIDER,9
AIDES,9
AILED,9
AIMED,6
AIMER,7
AIOLI,6
AIRED,8
AIRER,8
AIRNS,8
AIRTH,5
AIRTS,6
AISLE,6
AITCH,6
AIVER,10
AJIVA,4
AJUGA,4
AKEES,7
AKELA,6
AKENE,6
ALACK,9
ALAMO,4
ALAND,5
ALANE,7
ALANG,6
ALANS,6
ALANT,6
ALARM,5
ALARY,6
ALATE,8
ALBAS,7
ALBUM,7
ALCID,6
ALDER,7
ALDOL,5
ALECS,7
ALEFS,6
ALEPH,5
ALERT,6
ALFAS,6
ALGAE,6
ALGAL,4
ALGAS,6
ALGID,5
ALGIN,5
ALGOR,5
ALGUM,6
ALIAS,7
ALIBI,6
ALIEN,6
ALIFS,7
ALIGN,4
ALIKE,6
ALINE,7
ALIST,5
ALIVE,5
ALIYA,4
ALKIE,6
ALKYD,5
ALKYL,6
ALLAY,6
ALLEE,6
ALLEY,6
ALLOD,6
ALLOT,5
ALLOW,5
ALLOY,5
ALLYL,5
ALMAH,4
ALMAS,6
ALMEH,5
ALMES,3
ALMUD,5
ALMUG,5
ALOES,6
ALOFT,6
ALOHA,5
ALOIN,5
ALONE,8
ALONG,6
ALOOF,5
ALOUD,5
ALPHA,5
ALTAR,5
ALTER,7
ALTHO,6
ALTOS,5
ALULA,5
ALUMS,6
ALWAY,5
AMAHS,5
AMAIN,6
AMASS,5
AMAZE,3
AMBER,5
AMBIT,6
AMBLE,6
AMBOS,4
AMBRY,3
AMEBA,4
AMEER,5
AMEND,5
AMENS,5
AMENT,4
AMIAS,7
AMICE,6
AMICI,5
AMIDE,5
AMIDO,7
AMIDS,6
AMIES,3
AMIGA,5
AMIGO,6
AMINE,5
AMINO,6
AMINS,5
AMIRS,4
AMISS,4
AMITY,4
AMMOS,6
AMNIA,5
AMNIC,5
AMNIO,5
AMOKS,5
AMOLE,5
AMONG,4
AMORT,4
AMOUR,5
AMPED,4
AMPLE,4
AMPLY,5
AMPUL,4
AMUCK,4
AMUSE,4
AMYLS,3
ANCHO,6
ANCON,6
ANDRO,4
ANEAR,5
ANELE,8
ANENT,5
ANGAS,5
ANGEL,6
ANGER,7
ANGLE,7
ANGLO,4
ANGRY,5
ANGST,6
ANILE,6
ANILS,6
ANIMA,6
ANIME,4
ANIMI,4
ANION,5
ANISE,5
ANKHS,6
ANKLE,6
ANKUS,6
ANLAS,6
ANNAL,6
ANNAS,6
ANNEX,5
ANNOY,4
ANNUL,5
ANOAS,6
ANODE,6
ANOLE,6
ANOMY,4
ANSAE,6
ANTAE,5
ANTAS,5
ANTED,6
ANTES,5
ANTIC,5
ANTIS,5
ANTRA,4
ANTRE,5
ANTSY,5
ANVIL,5
ANYON,4
AORTA,5
APACE,6
APART,5
APEAK,6
APEEK,5
APERS,7
APERY,6
APHID,6
APHIS,6
APIAN,5
APING,5
APISH,4
APNEA,7
APODS,5
APORT,5
APPAL,6
APPEL,7
APPLE,6
APPLY,5
APRES,7
APRON,5
APSES,6
APSIS,7
APTER,7
APTLY,5
AQUAE,6
AQUAS,7
ARAKS,6
ARAME,5
ARBOR,6
ARCED,5
ARCUS,5
ARDEB,5
ARDOR,5
AREAE,7
AREAL,5
AREAS,7
ARECA,7
AREIC,5
ARENA,6
ARENE,6
AREPA,6
ARETE,5
ARGAL,5
ARGIL,5
ARGLE,5
ARGOL,4
ARGON,4
ARGOT,5
ARGUE,5
ARGUS,5
ARHAT,4
ARIAS,8
ARIEL,6
ARILS,7
ARISE,5
ARLES,6
ARMED,5
ARMER,5
ARMET,5
ARMOR,4
AROID,7
AROMA,5
AROSE,4
ARPEN,5
ARRAS,5
ARRAY,4
ARRIS,4
ARROW,4
ARSES,7
ARSIS,4
ARSON,5
ARTAL,5
ARTEL,5
ARTSY,4
ARUMS,5
ARVAL,6
ARVOS,5
ARYLS,4
ASANA,4
ASCOT,4
ASCUS,7
ASDIC,4
ASHED,5
ASHEN,5
ASHES,6
ASIDE,5
ASKED,4
ASKER,6
ASKEW,4
ASKOI,5
ASKOS,6
ASPEN,4
ASPER,5
ASPIC,4
ASPIS,6
ASSAI,5
ASSAY,3
ASSES,7
ASSET,6
ASTER,5
ASTIR,5
ASYLA,4
ATAPS,6
ATAXY,5
ATILT,6
ATLAS,5
ATMAN,7
ATMAS,6
ATOLL,6
ATOMS,5
ATOMY,3
ATONE,6
ATONY,5
ATOPY,4
ATRIA,6
ATRIP,5
ATTAR,5
ATTIC,6
AUDAD,7
AUDIO,7
AUDIT,6
AUGER,9
AUGHT,5
AUGUR,4
AULIC,5
AUNTS,10
AUNTY,3
AURAE,4
AURAL,7
AURAR,5
AURAS,7
AUREI,5
AURES,6
AURIC,6
AURIS,5
AURUM,5
AUTOS,4
AUXIN,6
AVAIL,5
AVANT,4
AVAST,7
AVENS,5
AVERS,6
AVERT,5
AVGAS,4
AVIAN,5
AVION,4
AVISO,5
AVOID,5
AVOWS,7
AWAIT,4
AWAKE,5
AWARD,5
AWARE,4
AWASH,4
AWFUL,4
AWING,4
AWNED,5
AWOKE,4
AWOLS,4
AXELS,4
AXIAL,7
AXILE,6
AXILS,7
AXING,6
AXIOM,5
AXION,5
AXITE,5
AXLED,4
AXLES,7
AXMAN,6
AXMEN,5
AXONE,4
AXONS,6
AYAHS,7
AYINS,5
AZANS,3
AZIDE,4
AZIDO,3
AZINE,3
AZLON,4
AZOIC,4
AZOLE,5
AZONS,3
AZOTE,4
AZOTH,4
AZUKI,4
AZURE,3
BAAED,8
BAALS,7
BABAS,9
BABEL,5
BABES,11
BABKA,5
BABOO,5
BABUL,4
BABUS,6
BACCA,6
BACKS,7
BACON,6
BADDY,9
BADGE,9
BADLY,7
BAFFS,8
BAFFY,7
BAGEL,6
BAGGY,7
BAHTS,7
BAILS,10
BAIRN,5
BAITH,6
BAITS,7
BAIZA,3
BAIZE,4
BAKED,7
BAKER,6
BAKES,11
BALAS,6
BALDS,7
BALDY,5
BALED,6
BALER,6
BALES,11
BALKS,7
BALKY,4
BALLS,9
BALLY,7
BALMS,8
BALMY,6
BALSA,6
BANAL,5
BANCO,5
BANDA,6
BANDS,7
BANDY,8
BANED,6
BANES,11
BANGS,9
BANJO,5
BANKS,7
BANNS,6
BANTY,7
BARBE,9
BARBS,10
BARCA,6
BARDE,8
BARDS,11
BARED,5
BARER,5
BARES,13
BARFS,9
BARGE,7
BARIC,6
BARKS,11
BARKY,7
BARMS,5
BARMY,3
BARNS,9
BARNY,6
BARON,5
BARRE,5
BARYE,4
BASAL,5
BASED,8
BASER,5
BASES,8
BASIC,6
BASIL,5
BASIN,5
BASIS,7
BASKS,6
BASSI,6
BASSO,5
BASSY,6
BASTE,8
BASTS,8
BATCH,8
BATED,5
BATES,13
BATHE,5
BATHS,7
BATIK,5
BATON,5
BATTS,6
BATTU,5
BATTY,8
BAUDS,7
BAULK,5
BAWDS,6
BAWDY,5
BAWLS,5
BAWTY,6
BAYED,8
BAYOU,4
BAZAR,6
BAZOO,6
BEACH,7
BEADS,8
BEADY,8
BEAKS,8
BEAKY,8
BEAMS,6
BEAMY,4
BEANO,5
BEANS,8
BEARD,5
BEARS,15
BEAST,6
BEATS,9
BEAUS,6
BEAUT,7
BEAUX,5
BEBOP,5
BECAP,6
BECKS,11
BEDEL,5
BEDEW,5
BEDIM,6
BEECH,7
BEEDI,5
BEEFS,8
BEEFY,7
BEEPS,9
BEERS,10
BEERY,6
BEETS,9
BEFIT,6
BEFOG,6
BEGAN,5
BEGAT,6
BEGET,5
BEGIN,6
BEGOT,6
BEGUM,6
BEGUN,5
BEIGE,6
BEIGY,6
BEING,5
BELAY,9
BELCH,7
BELGA,6
BELIE,6
BELLE,6
BELLS,11
BELLY,11
BELON,6
BELOW,6
BELTS,12
BEMAS,5
BEMIX,4
BENCH,6
BENDS,8
BENDY,6
BENES,9
BENNE,7
BENNI,7
BENNY,8
BENTO,5
BENTS,10
BERET,4
BERGS,8
BERKS,8
BERME,5
BERMS,7
BERRY,11
BERTH,5
BERYL,4
BESES,6
BESET,5
BESOM,4
BESOT,4
BESTS,12
BETAS,7
BETEL,4
BETHS,6
BETON,5
BETTA,6
BEVEL,3
BEVOR,5
BEWIG,5
BEZEL,5
BEZIL,3
BHANG,5
BHOOT,5
BHUTS,7
BIALI,5
BIALY,5
BIBBS,10
BIBLE,7
BICEP,3
BICES,9
BIDDY,8
BIDED,7
BIDER,7
BIDES,8
BIDET,5
BIDIS,10
BIELD,5
BIERS,9
BIFFS,9
BIFFY,8
BIFID,5
BIGGY,8
BIGHT,8
BIGLY,7
BIGOS,9
BIGOT,6
BIJOU,5
BIKED,6
BIKER,6
BIKES,10
BIKIE,7
BILBO,7
BILBY,6
BILES,8
BILGE,7
BILGY,5
BILKS,7
BILLS,12
BILLY,9
BIMAH,4
BIMAS,4
BIMBO,6
BINAL,7
BINDI,4
BINDS,10
BINER,5
BINES,12
BINGE,8
BINGO,8
BINIT,5
BINTS,8
BIOGS,9
BIOME,5
BIONT,5
BIOTA,5
BIPED,5
BIPOD,5
BIRCH,5
BIRDS,9
BIRKS,8
BIRLE,5
BIRLS,8
BIROS,8
BIRRS,8
BIRSE,6
BIRTH,6
BISES,5
BISKS,8
BISON,5
BITCH,9
BITER,4
BITES,9
BITSY,5
BITTS,4
BITTY,8
BIZES,4
BLABS,7
BLACK,8
BLADE,9
BLAFF,6
BLAHS,6
BLAIN,6
BLAME,6
BLAMS,8
BLAND,4
BLANK,8
BLARE,7
BLASE,5
BLAST,6
BLATE,7
BLATS,7
BLAWN,4
BLAWS,7
BLAZE,6
BLEAK,7
BLEAR,6
BLEAT,6
BLEBS,8
BLEED,5
BLEEP,4
BLEND,6
BLENT,6
BLESS,6
BLEST,7
BLETS,7
BLIMP,5
BLIMY,6
BLIND,5
BLINI,5
BLINK,7
BLIPS,8
BLISS,5
BLITE,7
BLITZ,4
BLOAT,6
BLOBS,7
BLOCK,7
BLOCS,6
BLOGS,7
BLOKE,7
BLOND,4
BLOOD,7
BLOOM,5
BLOOP,6
BLOTS,7
BLOWN,7
BLOWS,7
BLOWY,4
BLUBS,8
BLUED,5
BLUER,5
BLUES,8
BLUET,5
BLUEY,5
BLUFF,5
BLUME,6
BLUNT,5
BLURB,5
BLURS,6
BLURT,4
BLUSH,6
BLYPE,4
BOARD,6
BOARS,7
BOART,5
BOAST,6
BOATS,9
BOBBY,8
BOCCE,6
BOCCI,7
BOCHE,6
BOCKS,7
BODED,7
BODES,9
BOFFO,5
BOFFS,7
BOGAN,6
BOGEY,8
BOGGY,7
BOGIE,7
BOGLE,7
BOGUS,5
BOHEA,6
BOHOS,8
BOILS,8
BOING,7
BOINK,6
BOITE,6
BOLAR,6
BOLAS,8
BOLDS,6
BOLES,11
BOLLS,6
BOLOS,7
BOLTS,8
BOLUS,7
BOMBE,5
BOMBS,5
BONDS,7
BONED,6
BONER,6
BONES,10
BONEY,8
BONGO,6
BONGS,9
BONKS,8
BONNE,6
BONNY,7
BONUS,7
BONZE,3
BOOBS,7
BOOBY,8
BOODY,9
BOOED,5
BOOGY,7
BOOKS,6
BOOMS,5
BOOMY,5
BOONS,8
BOORS,6
BOOST,6
BOOTH,6
BOOTS,9
BOOTY,6
BOOZE,7
BOOZY,4
BORAL,7
BORAS,7
BORAX,6
BORED,5
BORER,5
BORES,10
BORIC,6
BORKS,9
BORNE,8
BORON,5
BORTS,7
BORTY,5
BORTZ,4
BOSKS,6
BOSKY,5
BOSOM,3
BOSON,4
BOSSY,5
BOSUN,4
BOTAS,6
BOTCH,6
BOTEL,5
BOTHY,4
BOTTS,5
BOUGH,7
BOULE,6
BOUND,7
BOURG,3
BOURN,5
BOUSE,7
BOUSY,4
BOUTS,7
BOVID,4
BOWED,6
BOWEL,5
BOWER,4
BOWLS,8
BOWSE,5
BOXED,4
BOXER,3
BOXES,10
BOYAR,4
BOYLA,4
BOYOS,5
BOZOS,4
BRACE,8
BRACH,4
BRACT,6
BRADS,6
BRAES,6
BRAGS,5
BRAID,6
BRAIL,7
BRAIN,5
BRAKE,8
BRAKY,7
BRAND,6
BRANK,8
BRANS,5
BRANT,4
BRASH,5
BRASS,7
BRATS,7
BRAVA,7
BRAVE,8
BRAVI,5
BRAVO,5
BRAWL,6
BRAWN,5
BRAWS,6
BRAXY,6
BRAYS,8
BRAZA,4
BRAZE,6
BREAD,7
BREAK,7
BREAM,5
BREDE,7
BREED,4
BREES,8
BRENS,4
BRENT,5
BREVE,6
BREWS,6
BRIAR,6
BRIBE,6
BRICK,7
BRIDE,7
BRIEF,5
BRIER,4
BRIES,8
BRIGS,7
BRILL,8
BRIMS,5
BRINE,5
BRING,5
BRINK,6
BRINS,6
BRINY,5
BRIOS,7
BRISK,6
BRISS,4
BRITH,5
BRITS,6
BRITT,5
BROAD,6
BROCK,7
BROIL,6
BROKE,6
BROME,6
BROMO,6
BRONC,5
BROOD,6
BROOK,7
BROOM,5
BROOS,7
BROSE,6
BROSY,5
BROTH,5
BROWN,7
BROWS,8
BRUGH,4
BRUIN,3
BRUIT,5
BRUME,5
BRUNG,3
BRUNT,4
BRUSH,6
BRUSK,5
BRUTE,5
BRUTS,5
BUBAL,5
BUBBA,6
BUBBY,8
BUBUS,10
BUCKO,6
BUCKS,10
BUDDY,8
BUDGE,8
BUFFI,5
BUFFO,5
BUFFS,9
BUFFY,7
BUGGY,6
BUGLE,7
BUHLS,5
BUHRS,5
BUILD,6
BUILT,5
BULBS,9
BULGE,5
BULGY,5
BULKS,8
BULKY,7
BULLA,6
BULLS,10
BULLY,6
BUMFS,4
BUMPH,5
BUMPS,3
BUMPY,7
BUNAS,7
BUNCH,7
BUNCO,6
BUNDS,8
BUNDT,5
BUNGS,8
BUNKO,5
BUNKS,10
BUNNS,5
BUNNY,6
BUNTS,9
BUNYA,3
BUOYS,4
BUPPY,6
BURAN,6
BURAS,6
BURBS,9
BURDS,9
BURET,4
BURGH,5
BURGS,9
BURIN,4
BURKA,7
BURKE,6
BURLS,9
BURLY,5
BURNS,9
BURNT,4
BURPS,6
BURQA,6
BURRO,6
BURRS,8
BURRY,7
BURSA,4
BURSE,7
BURST,6
BUSBY,5
BUSED,7
BUSES,6
BUSHY,8
BUSKS,9
BUSTS,9
BUSTY,9
BUTCH,8
BUTEO,4
BUTES,8
BUTLE,5
BUTTE,5
BUTTS,6
BUTTY,9
BUTUT,5
BUTYL,5
BUXOM,5
BUYER,4
BWANA,3
BYLAW,4
BYRES,8
BYRLS,6
BYSSI,3
BYTES,4
BYWAY,3
CABAL,7
CABBY,7
CABER,4
CABIN,6
CABLE,8
CABOB,6
CACAO,5
CACAS,8
CACHE,4
CACTI,5
CADDY,8
CADES,10
CADET,5
CADGE,8
CADGY,6
CADIS,9
CADRE,6
CAECA,6
CAFES,11
CAFFS,7
CAGED,9
CAGER,8
CAGES,10
CAGEY,7
CAHOW,5
CAIDS,6
CAINS,8
CAIRD,6
CAIRN,4
CAJON,6
CAKED,8
CAKES,10
CAKEY,6
CALFS,7
CALIF,8
CALIX,7
CALKS,6
CALLA,5
CALLS,8
CALMS,7
CALOS,6
CALVE,5
CALYX,5
CAMAS,9
CAMEL,5
CAMEO,5
CAMES,11
CAMOS,5
CAMPI,5
CAMPO,4
CAMPS,10
CAMPY,5
CANAL,5
CANDY,7
CANED,7
CANER,7
CANES,10
CANID,5
CANNA,4
CANNY,7
CANOE,5
CANON,5
CANSO,5
CANST,6
CANTO,5
CANTS,7
CANTY,6
CAPED,6
CAPER,6
CAPES,8
CAPHS,6
CAPIZ,3
CAPON,5
CAPOS,6
CAPUT,5
CARAT,6
CARBO,5
CARBS,9
CARDS,10
CARED,6
CARER,6
CARES,12
CARET,6
CAREX,5
CARGO,6
CARKS,10
CARLE,7
CARLS,11
CARNS,8
CARNY,5
CAROB,6
CAROL,5
CAROM,4
CARPI,6
CARPS,7
CARRS,6
CARRY,5
CARSE,5
CARTE,5
CARTS,9
CARVE,5
CASAS,6
CASED,7
CASES,7
CASKS,5
CASKY,6
CASTE,7
CASTS,7
CASUS,6
CATCH,7
CATER,6
CATES,12
CATTY,7
CAULD,5
CAULK,4
CAULS,7
CAUSE,5
CAVED,5
CAVER,5
CAVES,11
CAVIE,5
CAVIL,4
CAWED,6
CEASE,7
CEBID,5
CECAL,7
CECUM,6
CEDAR,5
CEDED,4
CEDER,4
CEDES,10
CEDIS,6
CEIBA,5
CEILI,5
CEILS,9
CELEB,3
CELLA,5
CELLI,5
CELLO,4
CELLS,10
CELOM,5
CELTS,11
CENSE,7
CENTO,4
CENTS,9
CENTU,5
CEORL,4
CEPES,6
CERCI,6
CERED,3
CERES,8
CERIA,6
CERIC,7
CEROS,9
CESTA,5
CESTI,6
CETES,8
CHADS,7
CHAFE,5
CHAFF,5
CHAIN,5
CHAIR,5
CHAIS,5
CHALK,6
CHAMP,5
CHAMS,6
CHANG,4
CHANT,5
CHAOS,5
CHAPE,5
CHAPS,5
CHAPT,5
CHARD,6
CHARE,7
CHARK,5
CHARM,4
CHARR,5
CHARS,7
CHART,5
CHARY,5
CHASE,6
CHASM,5
CHATS,8
CHAWS,5
CHAYS,6
CHEAP,5
CHEAT,5
CHECK,5
CHEEK,6
CHEEP,5
CHEER,4
CHEFS,6
CHELA,5
CHEMO,4
CHERT,5
CHESS,6
CHEST,6
CHETH,6
CHEVY,4
CHEWS,6
CHEWY,4
CHIAO,5
CHIAS,6
CHICA,6
CHICK,5
CHICO,5
CHICS,6
CHIDE,7
CHIEF,6
CHIEL,5
CHILD,6
CHILE,6
CHILI,5
CHILL,5
CHIMB,4
CHIME,3
CHIMP,4
CHINA,5
CHINE,5
CHINK,5
CHINO,5
CHINS,7
CHIPS,7
CHIRK,5
CHIRM,4
CHIRO,6
CHIRP,5
CHIRR,4
CHIRU,4
CHITS,8
CHIVE,4
CHIVY,5
CHOCK,5
CHOIR,5
CHOKE,6
CHOKY,5
CHOLA,5
CHOLO,5
CHOMP,3
CHOOK,5
CHOPS,5
CHORD,5
CHORE,4
CHOSE,5
CHOTT,5
CHOWS,7
CHUBS,5
CHUCK,4
CHUFA,5
CHUFF,4
CHUGS,4
CHUMP,4
CHUMS,6
CHUNK,6
CHURL,4
CHURN,4
CHURR,4
CHUTE,5
CHYLE,5
CHYME,4
CIBOL,5
CIDER,4
CIGAR,4
CILIA,5
CIMEX,6
CINCH,7
CINES,11
CIONS,7
CIRCA,5
CIRES,8
CIRRI,5
CISCO,6
CISSY,6
CISTS,9
CITED,4
CITER,4
CITES,8
CIVET,4
CIVIC,4
CIVIE,6
CIVIL,5
CIVVY,5
CLACH,6
CLACK,7
CLADE,8
CLADS,6
CLAGS,6
CLAIM,5
CLAMP,4
CLAMS,7
CLANG,5
CLANK,7
CLANS,8
CLAPS,6
CLAPT,6
CLARO,6
CLARY,5
CLASH,7
CLASP,5
CLASS,5
CLAST,6
CLAVE,5
CLAVI,4
CLAWS,6
CLAYS,6
CLEAN,7
CLEAR,5
CLEAT,5
CLEEK,6
CLEFS,6
CLEFT,6
CLEPE,6
CLEPT,5
CLERK,5
CLEWS,8
CLICK,7
CLIFF,6
CLIFT,6
CLIMB,5
CLIME,5
CLINE,6
CLING,6
CLINK,6
CLIPS,7
CLIPT,5
CLOAK,5
CLOCK,6
CLODS,7
CLOGS,6
CLOMB,5
CLOMP,4
CLONE,7
CLONK,5
CLONS,6
CLOOT,5
CLOPS,7
CLOSE,5
CLOTH,5
CLOTS,6
CLOUD,6
CLOUR,7
CLOUT,6
CLOVE,6
CLOWN,6
CLOYS,5
CLOZE,6
CLUBS,7
CLUCK,5
CLUED,5
CLUES,7
CLUMP,6
CLUNG,4
CLUNK,6
CNIDA,4
COACH,5
COACT,5
COALA,6
COALS,6
COALY,4
COAPT,5
COAST,5
COATI,5
COATS,8
COBBS,6
COBBY,7
COBIA,7
COBLE,6
COBRA,6
COCAS,7
COCCI,6
COCKS,8
COCKY,8
COCOA,6
COCOS,7
CODAS,6
CODEC,3
CODED,12
CODEN,5
CODER,4
CODES,8
CODEX,4
CODON,6
COEDS,6
COFFS,7
COGON,5
COHOG,4
COHOS,7
COIFS,6
COIGN,4
COILS,7
COINS,7
COIRS,5
COKED,11
COKES,9
COLAS,7
COLBY,6
COLDS,7
COLED,10
COLES,10
COLIC,6
COLIN,4
COLLY,11
COLOG,4
COLON,5
COLOR,5
COLTS,7
COLZA,4
COMAE,4
COMAL,4
COMAS,5
COMBE,4
COMBO,6
COMBS,4
COMER,6
COMES,9
COMET,5
COMFY,4
COMIC,5
COMIX,5
COMMA,4
COMMY,6
COMPO,5
COMPS,6
COMPT,4
COMTE,3
CONCH,5
CONDO,5
CONED,9
CONES,9
CONEY,7
CONGA,5
CONGE,5
CONGO,5
CONIC,5
CONIN,4
CONKS,7
CONKY,7
CONNS,6
CONTE,5
CONTO,4
CONUS,7
COOCH,7
COOED,8
COOEE,5
COOER,8
COOEY,8
COOFS,8
COOKS,7
COOKY,9
COOLS,7
COOLY,6
COOMB,5
COONS,7
COOPS,7
COOPT,6
COOTS,8
COPAL,7
COPAY,5
COPED,7
COPEN,6
COPER,7
COPES,9
COPRA,6
COPSE,6
CORAL,6
CORBY,6
CORDS,8
CORED,5
CORER,6
CORES,9
CORGI,4
CORIA,5
CORKS,8
CORKY,7
CORMS,7
CORNS,7
CORNU,4
CORNY,6
CORPS,8
CORSE,6
COSEC,6
COSES,9
COSET,5
COSEY,5
COSIE,5
COSTA,5
COSTS,8
COTAN,5
COTED,6
COTES,7
COTTA,6
COUCH,6
COUDE,5
COUGH,6
COULD,4
COUNT,5
COUPE,6
COUPS,7
COURT,4
COUTH,4
COVED,4
COVEN,6
COVER,5
COVES,6
COVET,4
COVEY,8
COVIN,4
COWED,5
COWER,5
COWLS,7
COWRY,5
COXAE,4
COXAL,6
COXED,4
COXES,9
COYED,5
COYER,5
COYLY,7
COYPU,5
COZEN,4
COZES,6
COZEY,2
COZIE,3
CRAAL,6
CRABS,6
CRACK,6
CRAFT,6
CRAGS,7
CRAKE,8
CRAMP,6
CRAMS,7
CRANE,7
CRANK,7
CRAPE,7
CRAPS,5
CRASH,4
CRASS,6
CRATE,7
CRAVE,7
CRAWL,5
CRAWS,5
CRAZE,5
CRAZY,5
CREAK,6
CREAM,4
CREDO,5
CREDS,7
CREED,4
CREEK,7
CREEL,6
CREEP,5
CREME,5
CREPE,6
CREPT,7
CREPY,5
CRESS,7
CREST,5
CREWS,5
CRIBS,6
CRICK,6
CRIED,4
CRIER,5
CRIES,7
CRIME,5
CRIMP,5
CRIPE,7
CRISP,5
CRITS,5
CROAK,7
CROCI,7
CROCK,6
CROCS,6
CROFT,5
CRONE,8
CRONY,6
CROOK,6
CROON,6
CROPS,5
CRORE,7
CROSS,6
CROUP,6
CROWD,4
CROWN,6
CROWS,7
CROZE,7
CRUCK,5
CRUDE,6
CRUDS,5
CRUEL,6
CRUET,6
CRUMB,4
CRUMP,6
CRUOR,6
CRURA,5
CRUSE,5
CRUSH,5
CRUST,5
CRWTH,4
CRYPT,3
CUBBY,7
CUBEB,5
CUBED,4
CUBER,3
CUBES,8
CUBIC,6
CUBIT,6
CUDDY,8
CUFFS,10
CUIFS,6
CUING,3
CUISH,4
CUKES,8
CULCH,6
CULET,6
CULEX,3
CULLS,9
CULLY,7
CULMS,4
CULPA,5
CULTI,5
CULTS,5
CUMIN,3
CUNTS,8
CUPEL,6
CUPID,7
CUPPA,6
CUPPY,5
CURBS,8
CURCH,6
CURDS,8
CURDY,6
CURED,4
CURER,5
CURES,8
CURET,5
CURFS,5
CURIA,6
CURIE,5
CURIO,5
CURLS,8
CURLY,5
CURNS,8
CURRS,7
CURRY,6
CURSE,6
CURST,5
CURVE,4
CURVY,4
CUSEC,6
CUSHY,7
CUSKS,8
CUSPS,8
CUSSO,4
CUTCH,7
CUTER,5
CUTES,7
CUTEY,4
CUTIE,5
CUTIN,5
CUTIS,6
CUTTY,8
CUTUP,7
CUVEE,4
CYANO,4
CYANS,5
CYBER,4
CYCAD,5
CYCAS,7
CYCLE,4
CYCLO,4
CYDER,4
CYLIX,4
CYMAE,2
CYMAR,4
CYMAS,3
CYMES,2
CYMOL,3
CYNIC,4
CYSTS,3
CYTON,5
CZARS,4
DACES,9
DACHA,6
DADAS,7
DADDY,7
DADOS,7
DAFFS,7
DAFFY,7
DAGGA,5
DAGOS,5
DAHLS,6
DAILY,6
DAIRY,6
DAISY,5
DALES,10
DALLY,6
DAMAN,5
DAMAR,4
DAMES,10
DAMNS,7
DAMPS,9
DANCE,6
DANDY,6
DANGS,8
DANIO,4
DARBS,8
DARED,9
DARER,7
DARES,11
DARIC,6
DARKS,9
DARKY,6
DARNS,7
DARTS,8
DASHI,4
DASHY,5
DATED,10
DATER,10
DATES,11
DATOS,7
DATTO,6
DATUM,6
DAUBE,7
DAUBS,6
DAUBY,5
DAUNT,7
DAUTS,6
DAVEN,5
DAVIT,5
DAWED,9
DAWEN,6
DAWKS,7
DAWNS,6
DAWTS,4
DAZED,8
DAZES,8
DEADS,7
DEAIR,5
DEALS,7
DEALT,5
DEANS,5
DEARS,14
DEARY,6
DEASH,5
DEATH,6
DEAVE,5
DEBAG,7
DEBAR,5
DEBIT,7
DEBTS,9
DEBUG,6
DEBUT,6
DEBYE,4
DECAF,5
DECAL,6
DECAY,8
DECKS,10
DECOR,4
DECOS,9
DECOY,4
DECRY,7
DEDAL,6
DEEDS,8
DEEDY,6
DEEMS,5
DEEPS,8
DEERS,9
DEETS,8
DEFAT,5
DEFER,5
DEFIS,7
DEFOG,5
DEGAS,6
DEGUM,5
DEICE,6
DEIFY,5
DEIGN,6
DEILS,6
DEISM,3
DEIST,6
DEITY,5
DEKED,5
DEKES,9
DEKKO,5
DELAY,8
DELED,4
DELES,7
DELFS,7
DELFT,5
DELIS,6
DELLS,5
DELLY,10
DELTA,5
DELTS,10
DELVE,5
DEMES,8
DEMIC,5
DEMIT,4
DEMOB,5
DEMON,5
DEMOS,6
DEMUR,6
DENAR,5
DENES,8
DENIM,4
DENSE,6
DENTS,8
DEOXY,4
DEPOT,5
DEPTH,6
DERAT,5
DERAY,7
DERBY,6
DERMA,4
DERMS,6
DERRY,10
DESEX,5
DESKS,5
DETER,5
DETOX,3
DEUCE,5
DEVAS,5
DEVEL,4
DEVIL,5
DEVON,5
DEWAN,5
DEWAR,4
DEWAX,4
DEWED,8
DEXES,9
DEXIE,4
DHAKS,6
DHALS,6
DHOBI,5
DHOLE,5
DHOTI,5
DHOWS,6
DHUTI,5
DIALS,5
DIARY,5
DIAZO,4
DICED,5
DICER,4
DICES,9
DICEY,5
DICKS,8
DICKY,7
DICOT,5
DICTA,6
DICTY,6
DIDIE,8
DIDOS,9
DIDST,5
DIENE,6
DIETS,6
DIFFS,8
DIGHT,7
DIGIT,4
DIKED,8
DIKER,8
DIKES,9
DIKEY,4
DILDO,6
DILLS,11
DILLY,8
DIMER,6
DIMES,8
DIMLY,5
DINAR,5
DINED,9
DINER,9
DINES,10
DINGE,7
DINGO,7
DINGS,9
DINGY,7
DINKS,12
DINKY,7
DINOS,8
DINTS,7
DIODE,5
DIOLS,6
DIPPY,6
DIPSO,5
DIRAM,5
DIRER,7
DIRGE,5
DIRKS,7
DIRLS,7
DIRTS,5
DIRTY,4
DISCI,5
DISCO,5
DISCS,7
DISHY,6
DISKS,7
DISME,3
DITAS,6
DITCH,8
DITES,7
DITSY,4
DITTO,5
DITTY,7
DITZY,5
DIVAN,5
DIVAS,5
DIVED,8
DIVER,9
DIVES,9
DIVOT,5
DIVVY,5
DIWAN,4
DIXIT,7
DIZEN,3
DIZZY,5
DJINN,4
DJINS,4
DOATS,7
DOBBY,7
DOBIE,6
DOBLA,6
DOBRA,5
DOBRO,6
DOCKS,7
DODGE,5
DODGY,6
DODOS,7
DOERS,7
DOEST,5
DOETH,4
DOFFS,7
DOGES,7
DOGEY,5
DOGGO,5
DOGGY,6
DOGIE,4
DOGMA,4
DOILY,5
DOING,6
DOITS,5
DOJOS,6
DOLCE,5
DOLCI,5
DOLED,8
DOLES,9
DOLLS,7
DOLLY,10
DOLMA,5
DOLOR,4
DOLTS,6
DOMAL,3
DOMED,5
DOMES,8
DOMIC,4
DONAS,6
DONEE,5
DONGA,4
DONGS,8
DONNA,4
DONNE,5
DONOR,5
DONSY,6
DONUT,4
DOODY,8
DOOLY,5
DOOMS,4
DOOMY,4
DOORS,5
DOOZY,3
DOPAS,6
DOPED,8
DOPER,7
DOPES,8
DOPEY,4
DORKS,7
DORKY,6
DORMS,6
DORMY,3
DORPS,7
DORRS,7
DORSA,5
DORTY,4
DOSED,6
DOSER,7
DOSES,8
DOTAL,5
DOTED,7
DOTER,7
DOTES,6
DOTTY,6
DOUBT,5
DOUCE,4
DOUGH,5
DOULA,5
DOUMA,4
DOUMS,5
DOURA,5
DOUSE,6
DOVEN,5
DOVES,5
DOWDY,5
DOWED,7
DOWEL,6
DOWER,8
DOWIE,4
DOWNS,7
DOWNY,5
DOWRY,5
DOWSE,4
DOXIE,4
DOYEN,3
DOYLY,7
DOZED,5
DOZEN,3
DOZER,4
DOZES,5
DRABS,5
DRAFF,5
DRAFT,5
DRAGS,6
DRAIL,6
DRAIN,4
DRAKE,7
DRAMA,5
DRAMS,6
DRANK,6
DRAPE,6
DRATS,6
DRAVE,6
DRAWL,4
DRAWN,4
DRAWS,4
DRAYS,7
DREAD,7
DREAM,4
DREAR,6
DRECK,5
DREED,7
DREES,7
DREGS,7
DREKS,6
DRESS,6
DREST,4
DRIBS,5
DRIED,7
DRIER,7
DRIES,6
DRIFT,6
DRILL,7
DRILY,4
DRINK,5
DRIPS,5
DRIPT,5
DRIVE,6
DROID,6
DROIT,5
DROLL,5
DRONE,7
DROOL,5
DROOP,5
DROPS,4
DROPT,4
DROSS,5
DROUK,6
DROVE,6
DROWN,5
DRUBS,5
DRUGS,6
DRUID,5
DRUMS,5
DRUNK,4
DRUPE,6
DRUSE,4
DRYAD,4
DRYER,3
DRYLY,4
DUADS,6
DUALS,8
DUCAL,6
DUCAT,6
DUCES,9
DUCHY,7
DUCKS,7
DUCKY,7
DUCTS,7
DUDDY,8
DUDED,8
DUDES,9
DUELS,6
DUETS,5
DUFFS,8
DUFUS,7
DUITS,6
DUKED,8
DUKES,7
DULIA,4
DULLS,7
DULLY,8
DULSE,5
DUMAS,6
DUMBO,6
DUMBS,4
DUMKA,5
DUMKY,4
DUMMY,7
DUMPS,12
DUMPY,6
DUNAM,4
DUNCE,6
DUNCH,5
DUNES,7
DUNGS,7
DUNGY,5
DUNKS,9
DUNTS,7
DUOMI,4
DUOMO,4
DUPED,6
DUPER,6
DUPES,6
DUPLE,7
DURAL,6
DURAS,5
DURED,7
DURES,7
DURNS,7
DUROC,5
DUROS,8
DURRA,5
DURRS,6
DURST,4
DURUM,5
DUSKS,7
DUSKY,4
DUSTS,8
DUSTY,8
DUTCH,6
DUVET,5
DWARF,4
DWEEB,3
DWELL,4
DWELT,5
DWINE,5
DYADS,6
DYERS,5
DYING,6
DYKED,4
DYKES,6
DYKEY,4
DYNEL,3
DYNES,8
EAGER,7
EAGLE,7
EAGRE,5
EARED,6
EARLS,4
EARLY,4
EARNS,3
EARTH,4
EASED,6
EASEL,5
EASES,7
EASTS,6
EATEN,5
EATER,7
EAVED,7
EAVES,10
EBBED,4
EBBET,3
EBONS,6
EBONY,5
EBOOK,4
ECHED,3
ECHES,7
ECHOS,5
ECLAT,5
ECRUS,3
EDEMA,5
EDGED,7
EDGER,6
EDGES,7
EDICT,6
EDIFY,4
EDILE,6
EDITS,6
EDUCE,6
EDUCT,5
EERIE,5
EGADS,6
EGERS,6
EGEST,5
EGGAR,5
EGGED,6
EGGER,6
EGRET,6
EIDER,6
EIDOS,5
EIGHT,4
EIKON,4
EJECT,6
EKING,6
ELAIN,5
ELAND,5
ELANS,5
ELATE,6
ELBOW,4
ELDER,5
ELECT,5
ELEGY,4
ELEMI,4
ELFIN,5
ELIDE,6
ELINT,5
ELITE,6
ELOIN,5
ELOPE,5
ELUDE,7
ELUTE,7
ELVER,5
ELVES,6
EMAIL,5
EMBAR,5
EMBAY,4
EMBED,4
EMBER,4
EMBOW,3
EMCEE,4
EMEER,4
EMEND,4
EMERY,4
EMEUS,5
EMIRS,4
EMITS,3
EMMER,6
EMMET,5
EMMYS,2
EMOTE,5
EMPTY,4
EMYDE,4
EMYDS,3
ENACT,5
ENATE,6
ENDED,6
ENDER,5
ENDOW,5
ENDUE,6
ENEMA,4
ENEMY,4
ENJOY,5
ENNUI,5
ENOKI,5
ENOLS,5
ENORM,4
ENOWS,4
ENROL,5
ENSKY,5
ENSUE,5
ENTER,5
ENTIA,4
ENTRY,4
ENURE,5
ENVOI,4
ENVOY,4
ENZYM,2
EOSIN,5
EPACT,5
EPEES,6
EPHAH,5
EPHAS,5
EPHOD,4
EPHOR,4
EPICS,5
EPOCH,5
EPODE,4
EPOXY,4
EQUAL,5
EQUID,6
EQUIP,5
ERASE,5
ERECT,6
ERGOT,4
ERICA,4
ERNES,6
ERODE,7
EROSE,5
ERRED,5
ERROR,4
ERSES,5
ERUCT,6
ERUGO,5
ERUPT,5
ERVIL,5
ESCAR,6
ESCOT,3
ESKAR,5
ESKER,5
ESNES,6
ESSAY,4
ESSES,6
ESTER,4
ESTOP,5
ETAPE,6
ETHER,5
ETHIC,5
ETHOS,4
ETHYL,4
ETNAS,5
ETUDE,6
ETUIS,4
ETWEE,5
ETYMA,3
EUROS,3
EVADE,5
EVENS,7
EVENT,5
EVERT,4
EVERY,4
EVICT,5
EVILS,4
EVITE,5
EVOKE,5
EWERS,4
EXACT,5
EXALT,5
EXAMS,4
EXCEL,3
EXECS,5
EXERT,5
EXILE,5
EXINE,5
EXING,4
EXIST,4
EXITS,4
EXONS,4
EXPAT,4
EXPEL,3
EXPOS,3
EXTOL,3
EXTRA,4
EXUDE,4
EXULT,4
EXURB,3
EYASS,3
EYERS,4
EYING,4
EYRAS,3
EYRES,7
EYRIE,5
EYRIR,3
FABLE,7
FACED,7
FACER,7
FACES,10
FACET,6
FACIA,5
FACTS,6
FADDY,6
FADED,9
FADER,8
FADES,9
FADGE,7
FADOS,6
FAENA,5
FAERY,5
FAGGY,6
FAGIN,5
FAGOT,5
FAILS,9
FAINT,7
FAIRS,7
FAIRY,5
FAITH,6
FAKED,9
FAKER,7
FAKES,9
FAKEY,6
FAKIR,6
FALLS,7
FALSE,4
FAMED,6
FAMES,9
FANCY,7
FANES,9
FANGA,5
FANGS,7
FANNY,6
FANON,5
FANOS,6
FANUM,4
FAQIR,6
FARAD,6
FARCE,6
FARCI,6
FARCY,6
FARDS,9
FARED,8
FARER,6
FARES,10
FARLE,6
FARLS,10
FARMS,4
FAROS,5
FARTS,7
FASTS,5
FATAL,5
FATED,9
FATES,10
FATLY,5
FATSO,5
FATTY,6
FATWA,5
FAUGH,6
FAULD,5
FAULT,5
FAUNA,4
FAUNS,6
FAUVE,5
FAVAS,7
FAVES,9
FAVOR,4
FAVUS,5
FAWNS,5
FAWNY,4
FAXED,5
FAXES,7
FAYED,7
FAZED,7
FAZES,7
FEARS,13
FEASE,6
FEAST,5
FEATS,8
FEAZE,5
FECAL,5
FECES,8
FECKS,10
FEDEX,5
FEEBS,7
FEEDS,7
FEELS,8
FEEZE,5
FEIGN,5
FEINT,6
FEIST,5
FELID,6
FELLA,5
FELLS,9
FELLY,9
FELON,5
FELTS,9
FEMES,7
FEMME,6
FEMUR,5
FENCE,5
FENDS,7
FENNY,7
FEODS,7
FEOFF,5
FERAL,6
FERES,7
FERIA,5
FERLY,5
FERMI,4
FERNS,5
FERNY,6
FERRY,9
FESSE,6
FESTS,11
FETAL,6
FETAS,6
FETCH,7
FETED,6
FETES,7
FETID,6
FETOR,4
FETUS,5
FEUAR,6
FEUDS,5
FEUED,5
FEVER,6
FEWER,7
FEYER,6
FEYLY,8
FEZES,6
FEZZY,3
FIARS,6
FIATS,6
FIBER,7
FIBRE,5
FICES,10
FICHE,5
FICHU,5
FICIN,4
FICUS,7
FIDGE,8
FIDOS,8
FIEFS,8
FIELD,5
FIEND,4
FIERY,5
FIFED,8
FIFER,9
FIFES,9
FIFTH,5
FIFTY,5
FIGHT,6
FILAR,7
FILCH,5
FILED,8
FILER,7
FILES,7
FILET,6
FILLE,7
FILLO,6
FILLS,10
FILLY,7
FILMI,4
FILMS,5
FILMY,6
FILOS,7
FILTH,5
FILUM,5
FINAL,6
FINCA,6
FINCH,6
FINDS,9
FINED,8
FINER,8
FINES,9
FINIS,9
FINKS,11
FINNY,8
FINOS,7
FIORD,6
FIQUE,5
FIRED,7
FIRER,6
FIRES,7
FIRMS,4
FIRNS,7
FIRRY,4
FIRST,5
FIRTH,5
FISCS,6
FISHY,5
FISTS,8
FITCH,7
FITLY,4
FIVER,8
FIVES,8
FIXED,6
FIXER,4
FIXES,6
FIXIT,6
FIZZY,4
FJELD,6
FJORD,5
FLABS,6
FLACK,6
FLAGS,5
FLAIL,5
FLAIR,4
FLAKE,7
FLAKY,6
FLAME,5
FLAMS,6
FLAMY,5
FLANK,6
FLANS,7
FLAPS,5
FLARE,6
FLASH,6
FLASK,5
FLATS,6
FLAWS,5
FLAWY,4
FLAXY,5
FLAYS,5
FLEAM,5
FLEAS,6
FLECK,5
FLEER,6
FLEES,7
FLEET,6
FLESH,4
FLEWS,7
FLEYS,7
FLICK,6
FLICS,6
FLIED,5
FLIER,5
FLIES,5
FLING,5
FLINT,6
FLIPS,6
FLIRS,5
FLIRT,5
FLITE,5
FLITS,7
FLOAT,5
FLOCK,5
FLOCS,6
FLOES,5
FLOGS,5
FLONG,5
FLOOD,6
FLOOR,4
FLOPS,6
FLORA,5
FLOSS,5
FLOTA,4
FLOUR,6
FLOUT,5
FLOWN,5
FLOWS,6
FLUBS,6
FLUED,8
FLUES,6
FLUFF,5
FLUID,4
FLUKE,7
FLUKY,4
FLUME,5
FLUMP,5
FLUNG,3
FLUNK,5
FLUOR,4
FLUSH,5
FLUTE,6
FLUTY,5
FLUYT,3
FLYBY,5
FLYER,6
FLYTE,4
FOALS,6
FOAMS,4
FOAMY,4
FOCAL,6
FOCUS,6
FOEHN,4
FOGEY,7
FOGGY,7
FOGIE,6
FOHNS,7
FOILS,6
FOINS,6
FOIST,6
FOLDS,7
FOLEY,7
FOLIA,6
FOLIC,5
FOLIO,5
FOLKS,7
FOLKY,5
FOLLY,9
FONDS,6
FONDU,4
FONTS,7
FOODS,7
FOOLS,6
FOOTS,7
FOOTY,5
FORAM,5
FORAY,4
FORBS,7
FORBY,6
FORCE,7
FORDO,5
FORDS,7
FORES,8
FORGE,7
FORGO,4
FORKS,6
FORKY,5
FORME,5
FORMS,5
FORTE,4
FORTH,5
FORTS,6
FORTY,3
FORUM,6
FOSSA,4
FOSSE,6
FOULS,6
FOUND,6
FOUNT,4
FOURS,7
FOVEA,6
FOWLS,6
FOXED,7
FOXES,8
FOYER,4
FRAGS,5
FRAIL,5
FRAME,4
FRANC,5
FRANK,5
FRAPS,4
FRASS,5
FRATS,5
FRAUD,6
FRAYS,6
FREAK,5
FREED,7
FREER,6
FREES,6
FREMD,4
FRENA,5
FRERE,5
FRESH,4
FRETS,5
FRIAR,5
FRIED,6
FRIER,6
FRIES,5
FRIGS,6
FRILL,6
FRISE,5
FRISK,5
FRITH,4
FRITS,4
FRITT,4
FRITZ,4
FRIZZ,3
FROCK,5
FROES,6
FROGS,5
FROND,4
FRONS,5
FRONT,4
FRORE,6
FROSH,4
FROST,6
FROTH,4
FROWN,4
FROWS,6
FROZE,6
FRUGS,5
FRUIT,4
FRUMP,5
FRYER,5
FUBAR,5
FUBSY,5
FUCKS,9
FUCUS,9
FUDDY,8
FUDGE,7
FUELS,5
FUGAL,5
FUGGY,5
FUGIO,5
FUGLE,6
FUGUE,7
FUGUS,4
FUJIS,6
FULLS,8
FULLY,7
FUMED,5
FUMER,5
FUMES,6
FUMET,4
FUNDI,5
FUNDS,7
FUNGI,5
FUNGO,4
FUNKS,8
FUNKY,8
FUNNY,7
FURAN,5
FURLS,5
FUROR,6
FURRY,5
FURZE,6
FURZY,5
FUSED,6
FUSEE,5
FUSEL,5
FUSES,5
FUSIL,4
FUSSY,6
FUSTY,7
FUTON,6
FUZED,6
FUZEE,5
FUZES,5
FUZIL,5
FUZZY,5
FYCES,7
FYKES,5
FYTTE,3
GABBY,6
GABLE,6
GADDI,5
GADID,5
GADIS,8
GADJE,8
GADJO,4
GAFFE,7
GAFFS,6
GAGED,8
GAGER,8
GAGES,9
GAILY,6
GAINS,7
GAITS,6
GALAH,6
GALAS,7
GALAX,5
GALEA,6
GALES,9
GALLS,6
GALLY,5
GALOP,5
GAMAS,8
GAMAY,5
GAMBA,5
GAMBE,5
GAMBS,6
GAMED,5
GAMER,5
GAMES,8
GAMEY,4
GAMIC,5
GAMIN,3
GAMMA,6
GAMMY,8
GAMPS,8
GAMUT,4
GANEF,6
GANEV,6
GANGS,6
GANJA,4
GANOF,4
GAOLS,6
GAPED,7
GAPER,7
GAPES,7
GAPPY,6
GARBS,8
GARDA,4
GARNI,3
GARTH,5
GASES,6
GASPS,6
GASSY,5
GASTS,6
GATED,8
GATER,9
GATES,9
GATOR,4
GAUDS,5
GAUDY,4
GAUGE,6
GAULT,4
GAUMS,5
GAUNT,3
GAURS,4
GAUSS,5
GAUZE,4
GAUZY,5
GAVEL,6
GAVOT,4
GAWKS,6
GAWKY,5
GAWPS,4
GAWSY,3
GAYAL,4
GAYER,7
GAYLY,5
GAZAR,5
GAZED,6
GAZER,5
GAZES,6
GAZOO,5
GEARS,12
GECKO,4
GECKS,9
GEEKS,8
GEEKY,5
GEESE,4
GEEST,4
GELDS,6
GELEE,6
GELID,5
GELTS,8
GEMMA,5
GEMMY,3
GEMOT,4
GENES,7
GENET,6
GENIC,4
GENIE,6
GENII,7
GENIP,6
GENOA,4
GENOM,4
GENRE,5
GENRO,5
GENTS,7
GENUA,5
GENUS,4
GEODE,5
GEOID,4
GERAH,5
GERMS,5
GERMY,3
GESSO,4
GESTE,5
GESTS,10
GETAS,5
GETUP,6
GEUMS,5
GHAST,4
GHATS,7
GHAUT,4
GHAZI,3
GHEES,7
GHOST,5
GHOUL,5
GHYLL,5
GIANT,4
GIBED,6
GIBER,6
GIBES,8
GIDDY,7
GIFTS,5
GIGAS,6
GIGHE,5
GIGOT,5
GIGUE,5
GILDS,7
GILLS,9
GILLY,6
GILTS,9
GIMEL,5
GIMME,4
GIMPS,8
GIMPY,6
GINKS,10
GINNY,7
GINZO,3
GIPON,4
GIPSY,4
GIRDS,8
GIRLS,6
GIRLY,4
GIRNS,6
GIRON,4
GIROS,7
GIRSH,4
GIRTH,4
GIRTS,4
GISMO,4
GISTS,7
GITES,6
GIVEN,6
GIVER,7
GIVES,7
GIZMO,3
GLACE,8
GLADE,7
GLADS,5
GLADY,4
GLAIR,4
GLAMS,5
GLAND,4
GLANS,5
GLARE,5
GLARY,4
GLASS,5
GLAZE,5
GLAZY,4
GLEAM,4
GLEAN,6
GLEBA,6
GLEBE,7
GLEDE,7
GLEDS,7
GLEED,6
GLEEK,5
GLEES,6
GLEET,5
GLENS,7
GLEYS,6
GLIAL,4
GLIAS,6
GLIDE,5
GLIFF,5
GLIME,4
GLIMS,5
GLINT,3
GLITZ,3
GLOAM,4
GLOAT,4
GLOBE,5
GLOBS,6
GLOGG,3
GLOMS,4
GLOOM,4
GLOPS,5
GLORY,4
GLOSS,5
GLOST,5
GLOUT,4
GLOVE,5
GLOWS,5
GLOZE,5
GLUED,7
GLUER,7
GLUES,5
GLUEY,4
GLUGS,6
GLUME,4
GLUMS,5
GLUON,3
GLUTE,5
GLUTS,5
GLYPH,5
GNARL,4
GNARR,3
GNARS,7
GNASH,5
GNATS,7
GNAWN,4
GNAWS,5
GNOME,4
GOADS,7
GOALS,7
GOATS,6
GOBAN,5
GOBOS,6
GODET,5
GODLY,6
GOERS,6
GOFER,8
GOGOS,6
GOING,5
GOLDS,7
GOLEM,4
GOLFS,6
GOLLY,8
GOMBO,5
GOMER,5
GONAD,4
GONEF,6
GONER,8
GONGS,7
GONIA,4
GONIF,5
GONOF,4
GONZO,5
GOODS,8
GOODY,7
GOOEY,7
GOOFS,7
GOOFY,5
GOOKS,6
GOOKY,8
GOONS,5
GOONY,6
GOOPS,5
GOOPY,5
GOOSE,7
GOOSY,5
GOPIK,4
GORAL,4
GORED,6
GORES,7
GORGE,6
GORMS,4
GORPS,6
GORSE,5
GORSY,5
GOTHS,5
GOUGE,5
GOURD,4
GOUTS,6
GOUTY,5
GOWAN,3
GOWDS,7
GOWKS,6
GOWNS,6
GOXES,7
GOYIM,3
GRAAL,5
GRABS,5
GRACE,8
GRADE,7
GRADS,6
GRAFT,4
GRAIL,4
GRAIN,4
GRAMA,4
GRAMP,5
GRAMS,5
GRANA,5
GRAND,4
GRANS,5
GRANT,4
GRAPE,6
GRAPH,4
GRAPY,6
GRASP,5
GRASS,4
GRATE,6
GRAVE,5
GRAVY,5
GRAYS,5
GRAZE,4
GREAT,5
GREBE,5
GREED,6
GREEK,5
GREEN,5
GREES,4
GREET,5
GREGO,5
GREYS,6
GRIDE,6
GRIDS,5
GRIEF,6
GRIFF,5
GRIFT,6
GRIGS,6
GRILL,4
GRIME,5
GRIMY,3
GRIND,3
GRINS,5
GRIOT,4
GRIPE,6
GRIPS,4
GRIPT,5
GRIPY,5
GRIST,5
GRITH,4
GRITS,3
GROAN,4
GROAT,4
GRODY,6
GROGS,5
GROIN,4
GROKS,4
GROOM,4
GROPE,5
GROSS,4
GROSZ,3
GROTS,4
GROUP,4
GROUT,3
GROVE,5
GROWL,3
GROWN,3
GROWS,5
GRUBS,4
GRUEL,5
GRUES,4
GRUFF,3
GRUME,4
GRUMP,4
GRUNT,3
GUACO,4
GUANO,3
GUANS,5
GUARD,4
GUARS,4
GUAVA,4
GUCKS,6
GUDES,8
GUESS,5
GUEST,4
GUFFS,7
GUIDE,5
GUIDS,6
GUILD,6
GUILE,6
GUILT,5
GUIRO,4
GUISE,5
GULAG,3
GULAR,4
GULCH,4
GULES,7
GULFS,8
GULFY,7
GULLS,7
GULLY,6
GULPS,6
GULPY,5
GUMBO,5
GUMMA,4
GUMMY,6
GUNKS,5
GUNKY,6
GUNNY,5
GUPPY,4
GURGE,5
GURRY,4
GURSH,5
GURUS,6
GUSHY,6
GUSSY,5
GUSTO,4
GUSTS,7
GUSTY,6
GUTSY,5
GUTTA,4
GUTTY,7
GUYED,5
GUYOT,4
GWINE,4
GYBED,6
GYBES,7
GYOZA,2
GYPSY,4
GYRAL,4
GYRED,4
GYRES,6
GYRON,4
GYROS,5
GYRUS,5
GYVED,5
GYVES,6
HAAFS,8
HAARS,5
HABIT,5
HABUS,7
HACEK,6
HACKS,6
HADAL,5
HADED,8
HADES,8
HADJI,6
HADST,4
HAEMS,4
HAETS,5
HAFIZ,3
HAFTS,5
HAHAS,7
HAIKA,5
HAIKS,7
HAIKU,5
HAILS,8
HAINT,6
HAIRS,6
HAIRY,4
HAJES,8
HAJIS,8
HAJJI,6
HAKES,8
HAKIM,4
HAKUS,6
HALAL,6
HALED,7
HALER,7
HALES,8
HALID,6
HALLO,5
HALLS,6
HALMA,3
HALMS,6
HALON,5
HALOS,6
HALTS,5
HALVA,4
HALVE,6
HAMAL,5
HAMES,7
HAMMY,7
HAMZA,2
HANCE,5
HANDS,6
HANDY,5
HANGS,5
HANKS,5
HANKY,6
HANSA,4
HANSE,5
HANTS,6
HAOLE,5
HAPAX,6
HAPLY,5
HAPPY,5
HARDS,8
HARDY,6
HARED,7
HAREM,5
HARES,9
HARKS,8
HARLS,9
HARMS,3
HARPS,6
HARPY,4
HARRY,4
HARSH,4
HARTS,6
HASPS,5
HASTE,6
HASTY,7
HATCH,6
HATED,7
HATER,8
HATES,8
HAUGH,5
HAULM,4
HAULS,5
HAUNT,6
HAUTE,5
HAVEN,6
HAVER,7
HAVES,8
HAVOC,4
HAWED,8
HAWKS,5
HAWSE,4
HAYED,6
HAYER,6
HAYEY,5
HAZAN,3
HAZED,5
HAZEL,5
HAZER,4
HAZES,5
HEADS,6
HEADY,7
HEALS,9
HEAPS,7
HEAPY,7
HEARD,4
HEARS,11
HEART,6
HEATH,5
HEATS,7
HEAVE,6
HEAVY,6
HEBES,8
HECKS,8
HEDER,5
HEDGE,5
HEDGY,7
HEEDS,6
HEELS,7
HEEZE,4
HEFTS,8
HEFTY,7
HEIGH,5
HEILS,8
HEIRS,5
HEIST,4
HELIO,5
HELIX,3
HELLO,5
HELLS,8
HELMS,5
HELOS,6
HELOT,5
HELPS,8
HELVE,5
HEMAL,5
HEMES,6
HEMIC,5
HEMIN,4
HEMPS,4
HEMPY,3
HENCE,4
HENGE,5
HENNA,4
HENRY,6
HENTS,6
HERBS,8
HERBY,7
HERDS,7
HERES,6
HERLS,9
HERMA,4
HERMS,4
HERNS,8
HERON,4
HEROS,8
HERRY,8
HERTZ,3
HESTS,9
HETHS,5
HEUCH,7
HEUGH,5
HEWED,7
HEWER,6
HEXAD,4
HEXED,4
HEXER,4
HEXES,8
HEXYL,4
HICKS,7
HIDED,8
HIDER,8
HIDES,8
HIGHS,8
HIGHT,5
HIJAB,6
HIJRA,5
HIKED,7
HIKER,7
HIKES,8
HILAR,6
HILLO,5
HILLS,8
HILLY,6
HILTS,8
HILUM,5
HILUS,6
HINDS,8
HINGE,4
HINKY,7
HINNY,6
HINTS,6
HIPLY,5
HIPPO,5
HIPPY,5
HIRED,6
HIREE,4
HIRER,5
HIRES,6
HISSY,5
HISTS,6
HITCH,6
HIVED,7
HIVES,6
HOAGY,4
HOARD,6
HOARS,6
HOARY,4
HOBBY,6
HOBOS,6
HOCKS,7
HOCUS,5
HODAD,5
HOERS,5
HOGAN,5
HOGGS,4
HOICK,5
HOISE,7
HOIST,5
HOKED,7
HOKES,8
HOKEY,6
HOKKU,4
HOKUM,4
HOLDS,6
HOLED,8
HOLES,8
HOLEY,6
HOLKS,6
HOLLA,5
HOLLO,5
HOLLY,7
HOLMS,4
HOLTS,5
HOMED,4
HOMER,4
HOMES,7
HOMEY,4
HOMIE,4
HOMOS,6
HONAN,5
HONDA,5
HONED,7
HONER,7
HONES,8
HONEY,6
HONGI,4
HONGS,5
HONKS,6
HONKY,6
HONOR,4
HOOCH,6
HOODS,7
HOODY,6
HOOEY,6
HOOFS,6
HOOKA,5
HOOKS,5
HOOKY,7
HOOLY,4
HOOPS,5
HOOTS,6
HOOTY,5
HOPED,7
HOPER,6
HOPES,7
HOPPY,5
HORAH,5
HORAL,5
HORAS,6
HORDE,5
HORNS,6
HORNY,5
HORSE,4
HORST,4
HORSY,4
HOSED,5
HOSEL,6
HOSEN,5
HOSER,6
HOSES,7
HOSEY,4
HOSTA,3
HOSTS,7
HOTCH,5
HOTEL,5
HOTLY,4
HOUND,5
HOURI,4
HOURS,6
HOUSE,5
HOVEL,6
HOVER,6
HOWDY,4
HOWES,5
HOWFF,5
HOWFS,6
HOWKS,5
HOWLS,5
HOYAS,5
HOYLE,3
HUBBY,6
HUCKS,7
HUFFS,6
HUFFY,7
HUGER,8
HULAS,6
HULKS,6
HULKY,7
HULLO,5
HULLS,5
HUMAN,4
HUMIC,4
HUMID,4
HUMOR,5
HUMPH,4
HUMPS,11
HUMPY,5
HUMUS,5
HUNCH,6
HUNKS,5
HUNKY,7
HUNTS,6
HURDS,7
HURLS,7
HURLY,4
HURRY,3
HURST,4
HURTS,5
HUSKS,4
HUSKY,4
HUSSY,4
HUTCH,6
HUZZA,3
HYDRA,6
HYDRO,5
HYENA,3
HYING,5
HYLAS,6
HYMEN,2
HYMNS,2
HYOID,5
HYPED,4
HYPER,4
HYPES,5
HYPHA,5
HYPOS,5
HYRAX,3
HYSON,4
IAMBI,4
IAMBS,5
ICHOR,4
ICIER,5
ICILY,4
ICING,5
ICKER,4
ICONS,7
ICTIC,5
ICTUS,5
IDEAL,6
IDEAS,6
IDIOM,4
IDIOT,5
IDLED,6
IDLER,8
IDLES,4
IDOLS,5
IDYLL,4
IDYLS,5
IGGED,5
IGLOO,5
IGLUS,5
IHRAM,4
IKATS,4
IKONS,6
ILEAC,6
ILEAL,5
ILEUM,4
ILEUS,4
ILIAC,5
ILIAD,5
ILIAL,6
ILIUM,5
ILLER,7
IMAGE,5
IMAGO,6
IMAMS,5
IMAUM,5
IMBED,3
IMBUE,6
IMIDE,6
IMIDO,6
IMIDS,5
IMINE,5
IMINO,5
IMMIX,5
IMPED,3
IMPEL,3
IMPIS,4
IMPLY,4
INANE,7
INAPT,5
INARM,4
INBYE,3
INCOG,3
INCUR,4
INCUS,5
INDEX,4
INDIE,5
INDOL,5
INDOW,4
INDRI,5
INDUE,5
INEPT,4
INERT,5
INFER,8
INFIX,5
INFOS,5
INFRA,5
INGLE,6
INGOT,4
INION,4
INKED,5
INKER,7
INKLE,6
INLAY,5
INLET,5
INNED,5
INNER,6
INPUT,5
INRUN,4
INSET,4
INTER,6
INTIS,5
INTRO,5
INURE,5
INURN,4
INVAR,5
IODIC,5
IODID,5
IODIN,4
IONIC,4
IOTAS,4
IRADE,4
IRATE,4
IRIDS,4
IRING,4
IRKED,5
IROKO,5
IRONE,6
IRONS,4
IRONY,5
ISBAS,4
ISLED,4
ISLES,4
ISLET,4
ISSEI,3
ISSUE,4
ISTLE,5
ITCHY,4
ITEMS,4
ITHER,5
IVIED,6
IVIES,5
IVORY,5
IXIAS,6
IXORA,6
IXTLE,4
IZARS,3
JABOT,5
JACAL,6
JACKS,6
JACKY,6
JADED,7
JADES,8
JAGER,7
JAGGS,5
JAGGY,5
JAGRA,4
JAILS,7
JAKES,7
JALAP,5
JALOP,4
JAMBE,4
JAMBS,5
JAMMY,6
JANES,8
JANTY,5
JAPAN,5
JAPED,6
JAPER,6
JAPES,6
JARLS,8
JATOS,6
JAUKS,6
JAUNT,5
JAUPS,6
JAVAS,6
JAWAN,4
JAWED,7
JAZZY,4
JEANS,7
JEBEL,5
JEEPS,8
JEERS,8
JEFES,7
JEHAD,5
JEHUS,4
JELLO,4
JELLS,7
JELLY,8
JEMMY,2
JENNY,6
JERID,6
JERKS,8
JERKY,6
JERRY,7
JESSE,5
JESTS,8
JETES,6
JETON,4
JETTY,6
JEWED,6
JEWEL,5
JIBBS,8
JIBED,5
JIBER,5
JIBES,7
JIFFS,7
JIFFY,8
JIGGY,7
JIHAD,5
JILLS,7
JILTS,7
JIMMY,5
JIMPY,5
JINGO,6
JINKS,9
JINNI,4
JINNS,7
JISMS,4
JIVED,6
JIVER,6
JIVES,5
JIVEY,5
JNANA,6
JOCKO,6
JOCKS,6
JOEYS,6
JOHNS,6
JOINS,5
JOINT,6
JOIST,5
JOKED,6
JOKER,6
JOKES,7
JOKEY,5
JOLES,7
JOLLY,6
JOLTS,4
JOLTY,5
JOMON,3
JONES,7
JORAM,4
JORUM,5
JOTAS,5
JOTTY,5
JOUAL,5
JOUKS,7
JOULE,6
JOUST,5
JOWAR,4
JOWED,6
JOWLS,4
JOWLY,5
JOYED,4
JUBAS,8
JUBES,7
JUCOS,6
JUDAS,7
JUDGE,6
JUDOS,7
JUGAL,4
JUGUM,4
JUICE,5
JUICY,7
JUJUS,9
JUKED,7
JUKES,6
JUKUS,8
JULEP,6
JUMBO,4
JUMPS,10
JUMPY,4
JUNCO,6
JUNKS,7
JUNKY,6
JUNTA,5
JUNTO,6
JUPES,5
JUPON,6
JURAL,5
JURAT,5
JUREL,5
JUROR,5
JUSTS,6
JUTES,6
JUTTY,6
KABAB,5
KABAR,6
KABOB,5
KADIS,6
KAFIR,5
KAGUS,4
KAIAK,5
KAIFS,6
KAILS,6
KAINS,6
KAKAS,6
KAKIS,6
KALAM,5
KALES,7
KALIF,5
KALPA,4
KAMES,6
KAMIK,4
KANAS,6
KANES,7
KANJI,6
KANZU,4
KAONS,5
KAPAS,6
KAPHS,5
KAPOK,5
KAPPA,5
KAPUT,4
KARAT,5
KARMA,4
KARNS,7
KAROO,5
KARST,5
KARTS,5
KASHA,5
KATAS,5
KAURI,4
KAURY,4
KAVAS,5
KAYAK,4
KAYOS,4
KAZOO,4
KBARS,7
KEBAB,6
KEBAR,6
KEBOB,5
KECKS,7
KEDGE,5
KEEFS,7
KEEKS,7
KEELS,7
KEENS,7
KEEPS,7
KEETS,7
KEEVE,6
KEFIR,5
KEIRS,4
KELEP,5
KELIM,4
KELLY,7
KELPS,7
KELPY,6
KELTS,7
KEMPS,3
KEMPT,3
KENAF,7
KENCH,5
KENDO,5
KENOS,7
KENTE,6
KEPIS,6
KERBS,7
KERFS,5
KERNE,5
KERNS,7
KERRY,6
KETCH,6
KETOL,4
KEVEL,6
KEVIL,6
KEXES,7
KEYED,4
KHADI,7
KHAFS,6
KHAKI,6
KHANS,5
KHAPH,5
KHATS,6
KHEDA,4
KHETH,5
KHETS,5
KHOUM,4
KIANG,6
KIBBE,6
KIBBI,5
KIBEI,5
KIBES,7
KIBLA,5
KICKS,6
KICKY,6
KIDDO,5
KIDDY,6
KIEFS,7
KIERS,8
KIKES,7
KILIM,5
KILLS,6
KILNS,6
KILOS,6
KILTS,6
KILTY,5
KINAS,5
KINDS,8
KINES,8
KINGS,7
KININ,5
KINKS,8
KINKY,6
KINOS,6
KIOSK,5
KIRKS,6
KIRNS,5
KISSY,4
KISTS,5
KITED,6
KITER,8
KITES,5
KITHE,6
KITHS,6
KITTY,6
KIVAS,4
KIWIS,3
KLICK,5
KLIKS,6
KLONG,4
KLOOF,5
KLUGE,6
KLUTZ,4
KNACK,5
KNAPS,5
KNARS,6
KNAUR,4
KNAVE,5
KNAWE,4
KNEAD,6
KNEED,6
KNEEL,5
KNEES,6
KNELL,5
KNELT,5
KNIFE,5
KNISH,5
KNITS,5
KNOBS,6
KNOCK,5
KNOLL,5
KNOPS,6
KNOSP,5
KNOTS,6
KNOUT,4
KNOWN,4
KNOWS,4
KNURL,3
KNURS,6
KOALA,5
KOANS,7
KOBOS,6
KOELS,6
KOHLS,5
KOINE,6
KOJIS,5
KOLAS,6
KOLOS,7
KOMBU,5
KONKS,6
KOOKS,6
KOOKY,6
KOPEK,5
KOPHS,6
KOPJE,6
KOPPA,5
KORAI,5
KORAS,5
KORAT,5
KORMA,4
KORUN,4
KOTOS,6
KOTOW,4
KRAAL,5
KRAFT,5
KRAIT,4
KRAUT,5
KREEP,4
KREWE,4
KRILL,5
KRONA,4
KRONE,5
KROON,5
KRUBI,4
KUDOS,6
KUDUS,6
KUDZU,4
KUFIS,5
KUGEL,6
KUKRI,5
KULAK,4
KUMYS,2
KURTA,4
KURUS,5
KUSSO,3
KVASS,5
KVELL,5
KYACK,4
KYAKS,5
KYARS,5
KYATS,4
KYLIX,3
KYRIE,4
KYTES,3
KYTHE,3
LAARI,6
LABEL,6
LABIA,5
LABOR,4
LABRA,5
LACED,6
LACER,5
LACES,9
LACEY,5
LACKS,6
LADED,8
LADEN,5
LADER,8
LADES,8
LADLE,6
LAEVO,5
LAGAN,5
LAGER,7
LAHAR,5
LAICH,5
LAICS,5
LAIGH,4
LAIRD,5
LAIRS,5
LAITH,7
LAITY,5
LAKED,7
LAKER,6
LAKES,7
LAKHS,5
LALLS,6
LAMAS,7
LAMBS,5
LAMBY,5
LAMED,4
LAMER,4
LAMES,5
LAMIA,6
LAMPS,7
LANAI,5
LANCE,6
LANDS,6
LANES,6
LANKY,4
LAPEL,6
LAPIN,6
LAPIS,7
LAPSE,4
LARCH,5
LARDS,7
LARDY,5
LAREE,6
LARES,8
LARGE,6
LARGO,5
LARIS,7
LARKS,7
LARKY,5
LARUM,5
LARVA,4
LASED,5
LASER,4
LASES,6
LASSI,5
LASSO,5
LASTS,5
LATCH,5
LATED,6
LATEN,6
LATER,7
LATEX,4
LATHE,4
LATHI,6
LATHS,6
LATHY,5
LATKE,5
LATTE,4
LAUAN,4
LAUDS,6
LAUGH,4
LAURA,4
LAVAS,5
LAVED,6
LAVER,6
LAVES,7
LAWED,5
LAWNS,4
LAWNY,4
LAXER,5
LAXES,6
LAXLY,5
LAYED,5
LAYER,5
LAYIN,4
LAYUP,4
LAZAR,4
LAZED,4
LAZES,4
LEACH,6
LEADS,5
LEADY,9
LEAFS,7
LEAFY,8
LEAKS,7
LEAKY,7
LEANS,6
LEANT,5
LEAPS,6
LEAPT,6
LEARN,6
LEARS,10
LEARY,5
LEASE,4
LEASH,4
LEAST,4
LEAVE,5
LEAVY,5
LEBEN,4
LEDGE,6
LEDGY,7
LEECH,6
LEEKS,6
LEERS,7
LEERY,5
LEETS,8
LEFTS,7
LEFTY,6
LEGAL,6
LEGER,7
LEGES,7
LEGGY,6
LEGIT,5
LEHRS,6
LEHUA,5
LEMAN,5
LEMMA,5
LEMON,4
LEMUR,4
LENDS,6
LENES,6
LENIS,6
LENOS,6
LENSE,5
LENTO,4
LEONE,4
LEPER,6
LEPTA,6
LESBO,5
LESES,5
LETCH,5
LETHE,4
LETUP,6
LEUDS,4
LEVEE,5
LEVEL,5
LEVER,5
LEVIN,5
LEVIS,5
LEWIS,4
LEXES,6
LEXIS,4
LEZZY,2
LIANA,5
LIANE,6
LIANG,5
LIARD,5
LIARS,5
LIBEL,5
LIBER,4
LIBRA,4
LIBRI,5
LICHI,5
LICHT,5
LICIT,5
LICKS,7
LIDAR,4
LIDOS,6
LIEGE,6
LIENS,6
LIERS,7
LIEUS,3
LIEVE,6
LIFER,10
LIFTS,5
LIGAN,5
LIGER,9
LIGHT,4
LIKED,6
LIKEN,5
LIKER,8
LIKES,6
LILAC,6
LILOS,6
LILTS,5
LIMAN,4
LIMAS,5
LIMBA,5
LIMBI,4
LIMBO,5
LIMBS,4
LIMBY,4
LIMED,5
LIMEN,4
LIMES,7
LIMEY,3
LIMIT,4
LIMNS,5
LIMOS,4
LIMPA,5
LIMPS,7
LINAC,4
LINDY,7
LINED,7
LINEN,6
LINER,7
LINES,7
LINEY,5
LINGA,5
LINGO,5
LINGS,8
LINGY,6
LININ,4
LINKS,7
LINKY,5
LINNS,7
LINOS,6
LINTS,5
LINTY,5
LINUM,5
LIONS,6
LIPID,5
LIPIN,5
LIPPY,4
LIRAS,5
LIROT,4
LISLE,5
LISPS,6
LISTS,5
LITAI,5
LITAS,5
LITER,7
LITHE,5
LITHO,5
LITRE,6
LIVED,5
LIVEN,5
LIVER,5
LIVES,4
LIVID,4
LIVRE,5
LLAMA,4
LLANO,5
LOACH,5
LOADS,6
LOAFS,5
LOAMS,4
LOAMY,3
LOANS,6
LOATH,5
LOBAR,4
LOBBY,6
LOBED,4
LOBES,8
LOBOS,6
LOCAL,5
LOCHS,5
LOCKS,6
LOCOS,6
LOCUM,5
LOCUS,6
LODEN,5
LODES,7
LODGE,4
LOESS,6
LOFTS,6
LOFTY,4
LOGAN,4
LOGES,6
LOGGY,5
LOGIA,5
LOGIC,4
LOGIN,5
LOGOI,4
LOGON,4
LOGOS,5
LOIDS,4
LOINS,5
LOLLS,6
LOLLY,5
LONER,6
LONGE,4
LONGS,6
LOOBY,6
LOOED,6
LOOEY,5
LOOFA,4
LOOFS,7
LOOIE,7
LOOKS,6
LOOMS,3
LOONS,6
LOONY,5
LOOPS,6
LOOPY,4
LOOSE,5
LOOTS,5
LOPED,6
LOPER,6
LOPES,6
LOPPY,4
LORAL,4
LORAN,5
LORDS,6
LORES,6
LORIS,7
LORRY,4
LOSEL,5
LOSER,5
LOSES,6
LOSSY,4
LOTAH,5
LOTAS,4
LOTIC,5
LOTOS,5
LOTTE,5
LOTTO,4
LOTUS,5
LOUGH,4
LOUIE,7
LOUIS,5
LOUMA,3
LOUPE,6
LOUPS,6
LOURS,5
LOURY,4
LOUSE,4
LOUSY,3
LOUTS,4
LOVAT,4
LOVED,5
LOVER,5
LOVES,4
LOWED,5
LOWER,7
LOWES,4
LOWLY,4
LOWSE,3
LOXED,6
LOXES,6
LOYAL,4
LUAUS,8
LUBED,4
LUBES,10
LUCES,9
LUCID,6
LUCKS,9
LUCKY,6
LUCRE,5
LUDES,8
LUDIC,5
LUFFA,4
LUFFS,8
LUGED,7
LUGER,7
LUGES,7
LULLS,7
LULUS,7
LUMAS,5
LUMEN,6
LUMPS,9
LUMPY,3
LUNAR,4
LUNAS,6
LUNCH,5
LUNES,6
LUNET,6
LUNGE,6
LUNGI,4
LUNGS,6
LUNKS,6
LUNTS,5
LUPIN,5
LUPUS,7
LURCH,5
LURED,6
LURER,5
LURES,6
LUREX,4
LURID,4
LURKS,7
LUSTS,5
LUSTY,5
LUSUS,6
LUTEA,6
LUTED,6
LUTES,5
LUXES,6
LWEIS,4
LYARD,5
LYART,4
LYASE,2
LYCEA,5
LYCEE,4
LYCRA,5
LYING,5
LYMPH,3
LYNCH,4
LYRES,5
LYRIC,5
LYSED,3
LYSES,4
LYSIN,3
LYSIS,3
LYSSA,4
LYTIC,4
LYTTA,4
MAARS,4
MABES,11
MACAW,4
MACED,7
MACER,7
MACES,10
MACHE,4
MACHO,5
MACHS,6
MACKS,5
MACLE,6
MACON,5
MACRO,5
MADAM,5
MADLY,5
MADRE,5
MAFIA,6
MAFIC,7
MAGES,9
MAGIC,6
MAGMA,3
MAGOT,4
MAGUS,5
MAHOE,4
MAIDS,7
MAILE,4
MAILL,5
MAILS,6
MAIMS,5
MAINS,5
MAIRS,3
MAIST,4
MAIZE,3
MAJOR,5
MAKAR,6
MAKER,6
MAKES,8
MAKOS,6
MALAR,5
MALES,7
MALIC,5
MALLS,5
MALMS,5
MALMY,5
MALTS,5
MALTY,5
MAMAS,6
MAMBA,4
MAMBO,3
MAMEY,3
MAMIE,4
MAMMA,5
MAMMY,5
MANAS,5
MANAT,5
MANED,6
MANES,6
MANGA,7
MANGE,4
MANGO,5
MANGY,5
MANIA,5
MANIC,6
MANLY,4
MANNA,6
MANOR,5
MANOS,5
MANSE,5
MANTA,5
MANUS,5
MAPLE,5
MAQUI,6
MARAS,8
MARCH,5
MARCS,7
MARES,6
MARGE,4
MARIA,5
MARKA,5
MARKS,5
MARLS,6
MARLY,6
MARRY,4
MARSE,6
MARSH,3
MARTS,5
MARVY,5
MASAS,5
MASER,5
MASHY,4
MASKS,4
MASON,4
MASSA,4
MASSE,5
MASSY,3
MASTS,5
MATCH,4
MATED,6
MATER,6
MATES,6
MATEY,4
MATHS,5
MATIN,5
MATTE,6
MATTS,5
MATZA,4
MATZO,3
MAUDS,5
MAULS,4
MAUND,4
MAUTS,4
MAUVE,5
MAVEN,6
MAVIE,5
MAVIN,4
MAVIS,6
MAWED,5
MAXED,5
MAXES,5
MAXIM,5
MAXIS,5
MAYAN,3
MAYAS,3
MAYBE,3
MAYED,3
MAYOR,3
MAYOS,2
MAYST,3
MAZED,4
MAZER,3
MAZES,3
MBIRA,5
MEADS,6
MEALS,5
MEALY,5
MEANS,5
MEANT,5
MEANY,5
MEATS,6
MEATY,4
MECCA,6
MEDAL,5
MEDIA,5
MEDIC,5
MEDII,4
MEEDS,7
MEETS,5
MEINY,4
MELDS,4
MELEE,5
MELIC,5
MELLS,4
MELON,5
MELTS,4
MELTY,3
MEMES,5
MEMOS,5
MENAD,4
MENDS,6
MENSA,5
MENSE,4
MENSH,4
MENTA,4
MENUS,6
MEOUS,5
MEOWS,4
MERCH,4
MERCS,5
MERCY,4
MERDE,5
MERER,5
MERES,5
MERGE,4
MERIT,5
MERKS,4
MERLE,4
MERLS,3
MERRY,3
MESAS,4
MESHY,4
MESIC,3
MESNE,4
MESON,3
MESSY,3
METAL,5
METED,5
METER,5
METES,5
METHS,4
METIS,3
METOL,4
METRE,5
METRO,4
MEWED,4
MEWLS,3
MEZES,2
MEZZO,2
MIAOU,6
MIAOW,3
MIASM,4
MIAUL,5
MICAS,9
MICHE,3
MICKS,6
MICRA,6
MICRO,5
MIDDY,6
MIDGE,4
MIDIS,8
MIDST,5
MIENS,4
MIFFS,7
MIFFY,5
MIGGS,6
MIGHT,4
MIKED,7
MIKES,9
MIKRA,5
MILCH,5
MILDS,6
MILER,6
MILES,8
MILIA,4
MILKS,5
MILKY,5
MILLE,3
MILLS,5
MILOS,5
MILPA,4
MILTS,6
MILTY,4
MIMED,4
MIMEO,4
MIMER,5
MIMES,6
MIMIC,4
MINAE,4
MINAS,7
MINCE,6
MINCY,7
MINDS,6
MINED,6
MINER,5
MINES,7
MINGY,6
MINIM,4
MINIS,5
MINKE,5
MINKS,4
MINNY,5
MINOR,4
MINTS,5
MINTY,4
MINUS,5
MIRED,5
MIRES,6
MIREX,5
MIRIN,4
MIRKS,4
MIRKY,4
MIRTH,4
MIRZA,3
MISDO,5
MISER,4
MISES,5
MISOS,4
MISSY,5
MISTS,4
MISTY,4
MITER,4
MITES,4
MITIS,4
MITRE,6
MITTS,4
MIXED,4
MIXER,4
MIXES,4
MIXUP,3
MIZEN,2
MOANS,5
MOATS,4
MOCHA,4
MOCKS,7
MODAL,6
MODEL,4
MODEM,3
MODES,8
MODUS,8
MOGGY,6
MOGUL,5
MOHEL,5
MOHUR,4
MOILS,8
MOIRA,5
MOIRE,5
MOIST,4
MOJOS,7
MOKES,7
MOLAL,6
MOLAR,5
MOLAS,5
MOLDS,8
MOLDY,6
MOLES,6
MOLLS,7
MOLLY,5
MOLTO,5
MOLTS,7
MOMES,6
MOMMA,3
MOMMY,5
MOMUS,6
MONAD,5
MONAS,4
MONDE,6
MONDO,6
MONEY,5
MONGO,5
MONIE,6
MONKS,6
MONOS,7
MONTE,6
MONTH,5
MOOCH,4
MOODS,8
MOODY,5
MOOED,5
MOOLA,4
MOOLS,7
MOONS,6
MOONY,4
MOORS,3
MOORY,3
MOOSE,5
MOOTS,6
MOPED,3
MOPER,3
MOPES,5
MOPEY,4
MORAE,4
MORAL,4
MORAS,5
MORAY,3
MOREL,5
MORES,4
MORNS,4
MORON,5
MORPH,3
MORRO,4
MORSE,4
MORTS,3
MOSEY,2
MOSKS,5
MOSSO,4
MOSSY,4
MOSTE,3
MOSTS,5
MOTEL,4
MOTES,3
MOTET,4
MOTEY,3
MOTHS,5
MOTHY,3
MOTIF,4
MOTOR,4
MOTTE,5
MOTTO,4
MOTTS,4
MOUCH,4
MOUES,3
MOULD,5
MOULT,4
MOUND,5
MOUNT,4
MOURN,3
MOUSE,3
MOUSY,4
MOUTH,3
MOVED,4
MOVER,5
MOVES,3
MOVIE,5
MOWED,3
MOWER,4
MOXAS,3
MOXIE,4
MOZOS,2
MUCHO,4
MUCID,5
MUCIN,5
MUCKS,9
MUCKY,6
MUCOR,6
MUCRO,5
MUCUS,8
MUDDY,5
MUDRA,5
MUFFS,7
MUFTI,5
MUGGS,6
MUGGY,4
MUHLY,3
MUJIK,4
MULCH,5
MULCT,5
MULED,5
MULES,5
MULEY,2
MULLA,5
MULLS,5
MUMMS,5
MUMMY,5
MUMPS,8
MUMUS,4
MUNCH,4
MUNGO,5
MUNIS,4
MUONS,4
MURAL,4
MURAS,5
MURED,4
MURES,4
MUREX,4
MURID,4
MURKS,4
MURKY,4
MURRA,4
MURRE,5
MURRS,3
MURRY,3
MUSCA,3
MUSED,4
MUSER,3
MUSES,3
MUSHY,6
MUSIC,4
MUSKS,4
MUSKY,5
MUSSY,4
MUSTH,3
MUSTS,4
MUSTY,3
MUTCH,3
MUTED,3
MUTER,3
MUTES,2
MUTON,4
MUTTS,4
MUZZY,2
MYLAR,4
MYNAH,4
MYNAS,3
MYOID,4
MYOMA,3
MYOPE,2
MYOPY,3
MYRRH,3
MYSID,2
MYTHS,2
MYTHY,3
NAANS,5
NABES,6
NABIS,5
NABOB,5
NACHO,5
NACRE,6
NADAS,7
NADIR,5
NAEVI,4
NAFFS,6
NAGGY,6
NAIAD,5
NAIFS,6
NAILS,5
NAIRA,4
NAIRU,4
NAIVE,5
NAKED,7
NAKFA,6
NALAS,6
NALED,6
NAMED,5
NAMER,4
NAMES,4
NANAS,6
NANCE,6
NANCY,6
NANNY,5
NAPAS,5
NAPES,5
NAPPA,5
NAPPE,6
NAPPY,5
NARCO,5
NARCS,8
NARDS,7
NARES,7
NARIC,5
NARIS,6
NARKS,6
NARKY,4
NASAL,4
NASTY,6
NATAL,5
NATCH,5
NATES,7
NATTY,5
NAVAL,5
NAVAR,5
NAVEL,5
NAVES,6
NAVVY,4
NAWAB,4
NAZIS,3
NEAPS,7
NEARS,9
NEATH,5
NEATS,6
NECKS,7
NEDDY,6
NEEDS,5
NEEDY,5
NEEMS,4
NEEPS,6
NEGUS,4
NEIFS,6
NEIGH,4
NEIST,3
NELLY,5
NEMAS,4
NENES,5
NEONS,6
NERDS,6
NERDY,5
NEROL,3
NERTS,4
NERTZ,3
NERVE,4
NERVY,4
NESTS,7
NETOP,4
NETTS,5
NETTY,5
NEUKS,3
NEUME,4
NEUMS,4
NEVER,6
NEVES,5
NEVUS,4
NEWEL,4
NEWER,5
NEWIE,4
NEWLY,3
NEWSY,3
NEWTS,4
NEXUS,3
NGWEE,4
NICAD,5
NICER,5
NICHE,4
NICKS,8
NICOL,4
NIDAL,5
NIDED,5
NIDES,6
NIDUS,5
NIECE,6
NIEVE,5
NIFTY,4
NIGHS,7
NIGHT,4
NIHIL,5
NILLS,6
NIMBI,4
NINES,6
NINJA,5
NINNY,6
NINON,5
NINTH,5
NIPAS,6
NIPPY,6
NISEI,4
NISUS,5
NITER,6
NITES,5
NITID,4
NITON,6
NITRE,5
NITRO,4
NITTY,5
NIVAL,4
NIXED,5
NIXES,5
NIXIE,4
NIZAM,2
NOBBY,6
NOBLE,5
NOBLY,5
NOCKS,6
NODAL,6
NODDY,5
NODES,5
NODUS,5
NOELS,5
NOGGS,5
NOHOW,4
NOILS,5
NOILY,4
NOIRS,4
NOISE,6
NOISY,4
NOLOS,6
NOMAD,3
NOMAS,4
NOMEN,3
NOMES,5
NOMOI,3
NOMOS,5
NONAS,5
NONCE,6
NONES,6
NONET,6
NONYL,5
NOOKS,5
NOOKY,5
NOONS,5
NOOSE,6
NOPAL,5
NORIA,5
NORIS,6
NORMS,3
NORTH,4
NOSED,4
NOSES,5
NOSEY,3
NOTAL,5
NOTCH,5
NOTED,6
NOTER,6
NOTES,5
NOTUM,4
NOUNS,6
NOVAE,6
NOVAS,5
NOVEL,5
NOWAY,4
NOWTS,4
NUBBY,5
NUBIA,5
NUCHA,6
NUDER,6
NUDES,6
NUDGE,6
NUDIE,4
NUDZH,3
NUKED,6
NUKES,5
NULLS,5
NUMBS,3
NUMEN,5
NURDS,7
NURLS,6
NURSE,5
NUTSY,4
NUTTY,5
NYALA,3
NYLON,4
NYMPH,2
OAKEN,5
OAKUM,5
OARED,6
OASES,5
OASIS,6
OASTS,6
OATEN,6
OATER,8
OATHS,5
OAVES,4
OBEAH,5
OBELI,5
OBESE,3
OBEYS,5
OBIAS,6
OBITS,5
OBJET,3
OBOES,5
OBOLE,5
OBOLI,5
OBOLS,5
OCCUR,6
OCEAN,5
OCHER,7
OCHRE,5
OCHRY,5
OCKER,6
OCREA,5
OCTAD,5
OCTAL,5
OCTAN,4
OCTET,4
OCTYL,4
OCULI,4
ODAHS,5
ODDER,6
ODDLY,4
ODEON,4
ODEUM,3
ODIST,4
ODIUM,4
ODORS,5
ODOUR,5
ODYLE,4
ODYLS,4
OFAYS,6
OFFAL,5
OFFED,6
OFFER,6
OFTEN,5
OFTER,7
OGAMS,4
OGEES,5
OGHAM,3
OGIVE,4
OGLED,5
OGLER,6
OGLES,5
OGRES,4
OHIAS,5
OHING,4
OHMIC,4
OIDIA,4
OILED,7
OILER,6
OINKS,6
OKAPI,5
OKAYS,5
OKEHS,4
OKRAS,5
OLDEN,5
OLDER,5
OLDIE,4
OLEIC,5
OLEIN,4
OLEOS,6
OLEUM,3
OLIOS,4
OLIVE,5
OLLAS,5
OLOGY,4
OMASA,3
OMBER,3
OMBRE,4
OMEGA,3
OMENS,4
OMERS,3
OMITS,5
ONCET,6
ONERY,4
ONION,4
ONIUM,4
ONLAY,4
ONSET,4
ONTIC,4
OOHED,6
OOMPH,4
OORIE,4
OOTID,5
OOZED,5
OOZES,4
OPAHS,5
OPALS,5
OPENS,6
OPERA,4
OPINE,6
OPING,4
OPIUM,3
OPSIN,5
OPTED,6
OPTIC,5
ORACH,4
ORALS,6
ORANG,4
ORATE,4
ORBED,5
ORBIT,4
ORCAS,5
ORCIN,5
ORDER,5
ORDOS,4
OREAD,5
ORGAN,3
ORGIC,4
ORIBI,5
ORIEL,5
ORLES,5
ORLON,4
ORLOP,5
ORMER,3
ORNIS,4
ORPIN,4
ORRIS,3
ORTHO,4
ORZOS,3
OSIER,4
OSMIC,4
OSMOL,3
OSSIA,4
OSTIA,4
OTHER,5
OTTAR,4
OTTER,6
OTTOS,5
OUGHT,4
OUNCE,6
OUPHE,5
OUPHS,4
OURIE,4
OUSEL,4
OUSTS,5
OUTBY,4
OUTDO,5
OUTED,5
OUTER,5
OUTGO,4
OUTRE,4
OUZEL,4
OUZOS,3
OVALS,4
OVARY,4
OVATE,5
OVENS,5
OVERS,5
OVERT,4
OVINE,5
OVOID,5
OVOLI,5
OVOLO,4
OVULE,5
OWING,4
OWLET,5
OWNED,5
OWNER,5
OWSEN,4
OXBOW,4
OXEYE,3
OXIDE,3
OXIDS,4
OXIME,4
OXIMS,3
OXLIP,5
OXTER,4
OYERS,3
OZONE,3
PACAS,6
PACED,5
PACER,6
PACES,9
PACEY,5
PACHA,5
PACKS,7
PACTS,7
PADDY,5
PADIS,7
PADLE,5
PADRE,5
PADRI,5
PAEAN,5
PAEON,4
PAGAN,4
PAGED,8
PAGER,7
PAGES,8
PAGOD,4
PAIKS,7
PAILS,6
PAINS,5
PAINT,5
PAIRS,4
PAISA,5
PAISE,6
PALEA,6
PALED,7
PALER,6
PALES,7
PALET,6
PALLS,6
PALLY,4
PALMS,4
PALMY,5
PALPI,5
PALPS,6
PALSY,6
PAMPA,4
PANDA,5
PANDY,4
PANED,6
PANEL,6
PANES,6
PANGA,4
PANGS,5
PANIC,5
PANNE,5
PANSY,5
PANTO,5
PANTS,6
PANTY,4
PAPAL,5
PAPAS,5
PAPAW,4
PAPER,6
PAPPI,5
PAPPY,4
PARAE,7
PARAS,8
PARCH,5
PARDI,6
PARDS,7
PARDY,4
PARED,5
PAREO,6
PARER,5
PARES,6
PAREU,5
PARGE,6
PARGO,4
PARIS,5
PARKA,5
PARKS,6
PARLE,5
PAROL,4
PARRS,5
PARRY,3
PARSE,5
PARTS,4
PARTY,5
PARVE,4
PARVO,4
PASEO,5
PASES,5
PASHA,4
PASSE,5
PASTA,4
PASTE,5
PASTS,6
PASTY,5
PATCH,5
PATED,5
PATEN,5
PATER,6
PATES,6
PATHS,4
PATIN,5
PATIO,5
PATLY,4
PATSY,5
PATTY,4
PAUSE,4
PAVAN,4
PAVED,5
PAVER,5
PAVES,5
PAVID,4
PAVIN,4
PAVIS,4
PAWED,6
PAWER,6
PAWKY,4
PAWLS,5
PAWNS,4
PAXES,6
PAYED,4
PAYEE,4
PAYER,6
PAYOR,4
PEACE,4
PEACH,5
PEAGE,5
PEAGS,9
PEAKS,9
PEAKY,7
PEALS,8
PEANS,8
PEARL,5
PEARS,8
PEART,5
PEASE,6
PEATS,6
PEATY,5
PEAVY,4
PECAN,4
PECHS,8
PECKS,8
PECKY,6
PEDAL,5
PEDES,8
PEDRO,4
PEEKS,7
PEELS,7
PEENS,7
PEEPS,6
PEERS,6
PEERY,4
PEEVE,5
PEINS,6
PEISE,5
PEKAN,5
PEKES,7
PEKIN,5
PEKOE,4
PELES,6
PELFS,6
PELON,4
PELTS,6
PENAL,6
PENCE,4
PENDS,5
PENES,5
PENGO,4
PENIS,5
PENNA,6
PENNE,6
PENNI,6
PENNY,5
PEONS,5
PEONY,4
PEPLA,5
PEPOS,5
PEPPY,5
PERCH,7
PERDU,6
PERDY,6
PEREA,5
PERES,5
PERIL,5
PERIS,7
PERKS,6
PERKY,5
PERMS,3
PERPS,5
PERRY,5
PERSE,4
PERVS,4
PESKY,5
PESOS,4
PESTO,4
PESTS,6
PESTY,4
PETAL,6
PETER,5
PETIT,5
PETTI,6
PETTO,4
PETTY,5
PEWEE,5
PEWIT,4
PHAGE,4
PHASE,5
PHIAL,5
PHLOX,5
PHONE,5
PHONO,5
PHONS,5
PHONY,4
PHOTO,5
PHOTS,5
PHPHT,5
PHUTS,6
PHYLA,4
PHYLE,4
PIANO,4
PIANS,5
PIBAL,7
PICAL,6
PICAS,6
PICKS,7
PICKY,5
PICOT,4
PICUL,5
PIECE,5
PIERS,6
PIETA,4
PIETY,4
PIGGY,6
PIGMY,5
PIING,4
PIKAS,5
PIKED,7
PIKER,5
PIKES,8
PIKIS,6
PILAF,5
PILAR,5
PILAU,5
PILAW,4
PILEA,7
PILED,6
PILEI,6
PILES,7
PILIS,6
PILLS,5
PILOT,4
PILUS,6
PIMAS,5
PIMPS,6
PINAS,5
PINCH,5
PINED,6
PINES,5
PINEY,4
PINGO,4
PINGS,6
PINKO,5
PINKS,5
PINKY,6
PINNA,4
PINNY,5
PINON,5
PINOT,5
PINTA,5
PINTO,4
PINTS,4
PINUP,5
PIONS,5
PIOUS,5
PIPAL,5
PIPED,6
PIPER,5
PIPES,6
PIPET,5
PIPIT,5
PIQUE,4
PIRNS,4
PIROG,3
PISCO,4
PISOS,5
PISTE,4
PITAS,5
PITCH,5
PITHS,4
PITHY,4
PITON,5
PITTA,5
PIVOT,4
PIXEL,5
PIXES,5
PIXIE,3
PIZZA,3
PLACE,7
PLACK,5
PLAGE,6
PLAID,5
PLAIN,5
PLAIT,5
PLANE,6
PLANK,5
PLANS,5
PLANT,5
PLASH,5
PLASM,4
PLATE,5
PLATS,5
PLATY,4
PLAYA,3
PLAYS,4
PLAZA,3
PLEAD,5
PLEAS,5
PLEAT,4
PLEBE,6
PLEBS,6
PLENA,5
PLEON,3
PLEWS,6
PLICA,5
PLIED,5
PLIER,4
PLIES,4
PLINK,5
PLODS,6
PLONK,4
PLOPS,6
PLOTS,5
PLOTZ,4
PLOWS,4
PLOYS,5
PLUCK,4
PLUGS,5
PLUMB,3
PLUME,3
PLUMP,4
PLUMS,4
PLUMY,4
PLUNK,5
PLUSH,4
PLYER,5
POACH,4
POBOY,4
POCKS,7
POCKY,6
PODGY,5
PODIA,5
POEMS,3
POESY,3
POETS,5
POGEY,5
POILU,4
POIND,4
POINT,5
POISE,5
POKED,7
POKER,6
POKES,8
POKEY,4
POLAR,5
POLED,6
POLER,5
POLES,7
POLIO,4
POLIS,5
POLKA,4
POLLS,6
POLOS,6
POLYP,4
POLYS,4
POMES,4
POMMY,4
POMOS,5
POMPS,5
PONCE,5
PONDS,5
PONES,5
PONGS,5
POOCH,5
POODS,8
POOED,5
POOFS,7
POOFY,4
POOHS,5
POOLS,6
POONS,5
POOPS,5
POORI,5
POOVE,5
POPES,6
POPPA,4
POPPY,4
POPSY,4
PORCH,5
PORED,5
PORES,5
PORGY,6
PORKS,5
PORKY,5
PORNO,4
PORNS,5
PORNY,4
PORTS,5
POSED,4
POSER,4
POSES,5
POSIT,4
POSSE,5
POSTS,6
POTSY,4
POTTO,5
POTTY,4
POUCH,5
POUFF,5
POUFS,6
POULT,4
POUND,4
POURS,5
POUTS,5
POUTY,4
POWER,6
POXED,5
POXES,5
POYOU,4
PRAAM,3
PRAHU,4
PRAMS,4
PRANG,4
PRANK,4
PRAOS,4
PRASE,4
PRATE,5
PRATS,4
PRAUS,4
PRAWN,3
PRAYS,4
PREED,5
PREEN,4
PREES,5
PREOP,3
PREPS,6
PRESA,4
PRESE,3
PRESS,5
PREST,3
PREXY,4
PREYS,5
PRICE,6
PRICK,5
PRICY,6
PRIDE,5
PRIED,5
PRIER,5
PRIES,4
PRIGS,4
PRILL,4
PRIMA,5
PRIME,4
PRIMI,4
PRIMO,4
PRIMP,4
PRIMS,4
PRINK,4
PRINT,4
PRION,4
PRIOR,4
PRISE,5
PRISM,3
PRISS,3
PRIVY,5
PRIZE,3
PROAS,8
PROBE,7
PRODS,7
PROEM,3
PROFS,6
PROGS,5
PROLE,6
PROMO,3
PROMS,3
PRONE,5
PRONG,3
PROOF,4
PROPS,4
PROSE,4
PROSO,5
PROSS,3
PROST,5
PROSY,4
PROUD,5
PROVE,4
PROWL,4
PROWS,4
PROXY,4
PRUDE,6
PRUNE,5
PRUTA,4
PRYER,4
PSALM,3
PSEUD,4
PSHAW,4
PSOAE,4
PSOAI,4
PSOAS,5
PSYCH,4
PUBES,8
PUBIC,7
PUBIS,5
PUCES,7
PUCKA,6
PUCKS,10
PUDGY,4
PUDIC,6
PUFFS,9
PUFFY,6
PUGGY,4
PUJAH,5
PUJAS,8
PUKED,7
PUKES,6
PUKKA,5
PULED,6
PULER,6
PULES,5
PULIK,5
PULIS,4
PULLS,7
PULPS,7
PULPY,5
PULSE,4
PUMAS,4
PUMPS,7
PUNAS,6
PUNCH,6
PUNGS,5
PUNJI,5
PUNKA,5
PUNKS,5
PUNKY,6
PUNNY,5
PUNTO,5
PUNTS,5
PUNTY,4
PUPAE,6
PUPAL,5
PUPAS,7
PUPIL,5
PUPPY,4
PUPUS,6
PURDA,5
PUREE,5
PURER,5
PURGE,4
PURIN,4
PURIS,4
PURLS,6
PURRS,5
PURSE,4
PURSY,3
PURTY,3
PUSES,5
PUSHY,5
PUSSY,3
PUTON,5
PUTTI,5
PUTTO,5
PUTTS,5
PUTTY,4
PYGMY,2
PYINS,4
PYLON,3
PYOID,5
PYRAN,4
PYRES,5
PYREX,3
PYRIC,5
PYROS,4
PYXES,4
PYXIE,3
PYXIS,3
QADIS,6
QAIDS,6
QANAT,5
QOPHS,5
QUACK,5
QUADS,6
QUAFF,4
QUAGS,4
QUAIL,5
QUAIS,5
QUAKE,5
QUAKY,3
QUALE,6
QUALM,4
QUANT,4
QUARE,5
QUARK,4
QUART,5
QUASH,4
QUASI,4
QUASS,5
QUATE,5
QUAYS,3
QUBIT,6
QUEAN,5
QUEEN,5
QUEER,5
QUELL,5
QUERN,4
QUERY,4
QUEST,3
QUEUE,6
QUEYS,3
QUICK,7
QUIDS,5
QUIET,5
QUIFF,6
QUILL,5
QUILT,5
QUINS,5
QUINT,3
QUIPS,5
QUIPU,5
QUIRE,4
QUIRK,4
QUIRT,4
QUITE,5
QUITS,5
QUODS,5
QUOIN,5
QUOIT,5
QUOLL,4
QUOTA,4
QUOTE,5
QUOTH,5
QURSH,4
RABAT,5
RABBI,6
RABIC,6
RABID,6
RACED,4
RACER,5
RACES,12
RACKS,6
RACON,6
RADAR,5
RADII,7
RADIO,5
RADIX,6
RADON,5
RAFFS,8
RAFTS,6
RAGAS,7
RAGED,8
RAGEE,6
RAGES,11
RAGGS,7
RAGGY,5
RAGIS,6
RAIAS,7
RAIDS,6
RAILS,5
RAINS,4
RAINY,5
RAISE,5
RAITA,5
RAJAH,4
RAJAS,6
RAJES,10
RAKED,7
RAKEE,5
RAKER,9
RAKES,9
RAKIS,5
RAKUS,4
RALES,8
RALLY,5
RALPH,4
RAMAL,4
RAMEE,5
RAMEN,5
RAMET,5
RAMIE,3
RAMMY,4
RAMPS,6
RAMUS,5
RANCE,6
RANCH,4
RANDS,6
RANDY,5
RANEE,5
RANGE,5
RANGY,4
RANID,4
RANIS,4
RANKS,5
RANTS,5
RAPED,6
RAPER,8
RAPES,7
RAPHE,5
RAPID,5
RARED,4
RARER,7
RARES,5
RASED,5
RASER,3
RASES,5
RASPS,4
RASPY,4
RATAL,4
RATAN,4
RATCH,5
RATED,5
RATEL,5
RATER,6
RATES,4
RATHE,5
RATIO,5
RATOS,6
RATTY,3
RAVED,5
RAVEL,6
RAVEN,5
RAVER,6
RAVES,6
RAVIN,5
RAWER,5
RAWIN,4
RAWLY,4
RAXED,4
RAXES,6
RAYAH,4
RAYAS,3
RAYED,3
RAYON,4
RAZED,5
RAZEE,4
RAZER,3
RAZES,3
RAZOR,3
REACH,7
REACT,6
READD,4
READS,9
READY,6
REALM,3
REALS,8
REAMS,3
REAPS,6
REARM,4
REARS,7
REATA,7
REAVE,5
REBAR,5
REBBE,6
REBEC,3
REBEL,4
REBID,5
REBOP,4
REBUS,3
REBUT,7
REBUY,5
RECAP,7
RECCE,6
RECIT,7
RECKS,8
RECON,6
RECTA,6
RECTI,5
RECTO,4
RECUR,5
RECUT,6
REDAN,5
REDDS,8
REDED,4
REDES,7
REDIA,5
REDID,4
REDIP,4
REDLY,6
REDON,5
REDOS,7
REDOX,3
REDRY,6
REDUB,4
REDUX,5
REDYE,4
REEDS,7
REEDY,6
REEFS,9
REEFY,5
REEKS,8
REEKY,4
REELS,7
REEST,3
REEVE,6
REFED,4
REFEL,6
REFER,5
REFIT,6
REFIX,4
REFLY,5
REFRY,5
REGAL,6
REGES,6
REGMA,3
REGNA,5
REHAB,6
REHEM,4
REIFS,5
REIFY,4
REIGN,6
REINK,5
REINS,4
REIVE,4
REJIG,7
REKEY,5
RELAX,5
RELAY,5
RELET,4
RELIC,6
RELIT,5
REMAN,4
REMAP,3
REMET,4
REMEX,4
REMIT,3
REMIX,3
RENAL,5
RENDS,6
RENEW,5
RENIG,6
RENIN,6
RENTE,6
RENTS,5
REOIL,4
REPAY,5
REPEG,5
REPEL,5
REPIN,5
REPLY,4
REPOS,6
REPOT,4
REPPS,5
REPRO,4
RERAN,5
RERIG,6
RERUN,5
RESAT,4
RESAW,4
RESAY,4
RESEE,4
RESET,4
RESEW,3
RESID,5
RESIN,5
RESIT,3
RESOD,4
RESOW,4
RESTS,4
RETAG,5
RETAX,4
RETCH,5
RETEM,4
RETIA,5
RETIE,4
RETRO,3
RETRY,5
REUSE,4
REVEL,4
REVET,5
REVUE,5
REWAN,4
REWAX,3
REWED,5
REWET,4
REWIN,4
REWON,4
REXES,5
RHEAS,5
RHEME,4
RHEUM,4
RHINO,4
RHOMB,3
RHUMB,4
RHYME,3
RHYTA,3
RIALS,7
RIANT,4
RIATA,5
RIBBY,6
RIBES,10
RICED,4
RICER,4
RICES,9
RICIN,4
RICKS,6
RIDER,7
RIDES,8
RIDGE,5
RIDGY,6
RIELS,5
RIFER,6
RIFFS,7
RIFLE,5
RIFTS,4
RIGHT,6
RIGID,5
RIGOR,4
RILED,6
RILES,7
RILEY,4
RILLE,4
RILLS,6
RIMED,4
RIMER,4
RIMES,5
RINDS,6
RINDY,5
RINGS,5
RINKS,5
RINSE,4
RIOJA,5
RIOTS,3
RIPED,6
RIPEN,5
RIPER,5
RIPES,6
RISEN,3
RISER,3
RISES,5
RISHI,4
RISKS,4
RISKY,4
RISUS,4
RITES,4
RITZY,4
RIVAL,4
RIVED,7
RIVEN,6
RIVER,4
RIVES,4
RIVET,5
RIYAL,4
ROACH,5
ROADS,6
ROAMS,4
ROANS,5
ROARS,5
ROAST,5
ROBED,4
ROBES,10
ROBIN,4
ROBLE,5
ROBOT,5
ROCKS,5
ROCKY,5
RODEO,5
RODES,9
ROGER,7
ROGUE,5
ROILS,5
ROILY,4
ROLES,8
ROLFS,6
ROLLS,5
ROMAN,4
ROMEO,4
ROMPS,4
RONDO,4
ROODS,6
ROOFS,5
ROOKS,4
ROOKY,4
ROOMS,3
ROOMY,3
ROOSE,5
ROOST,5
ROOTS,5
ROOTY,3
ROPED,7
ROPER,6
ROPES,7
ROPEY,4
ROQUE,5
ROSED,4
ROSES,6
ROSET,3
ROSHI,3
ROSIN,4
ROTAS,5
ROTCH,5
ROTES,4
ROTIS,4
ROTLS,6
ROTOR,4
ROTOS,5
ROTTE,5
ROUEN,6
ROUES,5
ROUGE,4
ROUGH,3
ROUND,3
ROUPS,5
ROUPY,4
ROUSE,4
ROUST,5
ROUTE,4
ROUTH,4
ROUTS,4
ROVED,6
ROVEN,5
ROVER,5
ROVES,4
ROWAN,3
ROWDY,4
ROWED,7
ROWEL,6
ROWEN,5
ROWER,4
ROWTH,4
ROYAL,3
RUANA,3
RUBBY,5
RUBEL,4
RUBES,7
RUBLE,7
RUBUS,4
RUCHE,6
RUCKS,8
RUDDS,7
RUDDY,5
RUDER,5
RUERS,4
RUFFE,5
RUFFS,6
RUGAE,4
RUGAL,3
RUGBY,4
RUING,3
RUINS,4
RULED,5
RULER,4
RULES,6
RUMBA,3
RUMEN,4
RUMMY,4
RUMOR,4
RUMPS,6
RUNES,5
RUNGS,5
RUNIC,5
RUNNY,3
RUNTS,5
RUNTY,4
RUPEE,5
RURAL,4
RUSES,4
RUSHY,4
RUSKS,5
RUSTS,4
RUSTY,4
RUTHS,4
RUTIN,4
RUTTY,3
RYKED,3
RYKES,4
RYNDS,4
RYOTS,3
SABAL,6
SABED,7
SABER,11
SABES,12
SABIN,7
SABIR,6
SABLE,7
SABOT,6
SABRA,7
SABRE,6
SACKS,6
SACRA,6
SADES,11
SADHE,7
SADHU,3
SADIS,6
SADLY,6
SAFER,10
SAFES,10
SAGAS,5
SAGER,9
SAGES,9
SAGGY,7
SAGOS,4
SAGUM,3
SAHIB,5
SAICE,7
SAIDS,5
SAIGA,5
SAILS,5
SAINS,7
SAINT,5
SAITH,4
SAJOU,4
SAKER,8
SAKES,6
SAKIS,5
SALAD,5
SALAL,6
SALEP,5
SALES,8
SALIC,5
SALLY,5
SALMI,4
SALOL,7
SALON,6
SALPA,5
SALPS,5
SALSA,6
SALTS,4
SALTY,5
SALVE,7
SALVO,5
SAMBA,3
SAMBO,4
SAMEK,3
SAMPS,5
SANDS,5
SANDY,6
SANED,4
SANER,7
SANES,7
SANGA,5
SANGH,4
SANTO,6
SAPID,4
SAPOR,5
SAPPY,5
SARAN,5
SARDS,6
SAREE,7
SARGE,5
SARGO,5
SARIN,6
SARIS,5
SARKS,5
SARKY,5
SAROD,4
SAROS,4
SASIN,4
SASSY,4
SATAY,5
SATED,6
SATEM,3
SATES,5
SATIN,5
SATIS,4
SATYR,4
SAUCE,5
SAUCH,6
SAUCY,6
SAUGH,5
SAULS,7
SAULT,6
SAUNA,7
SAURY,4
SAUTE,5
SAVED,5
SAVER,6
SAVES,4
SAVIN,5
SAVOR,5
SAVOY,4
SAVVY,6
SAWED,5
SAWER,5
SAXES,6
SAYED,4
SAYER,5
SAYID,4
SAYST,3
SCABS,7
SCADS,7
SCAGS,7
SCALD,5
SCALE,8
SCALL,6
SCALP,5
SCALY,6
SCAMP,4
SCAMS,7
SCANS,5
SCANT,6
SCAPE,7
SCARE,7
SCARF,6
SCARP,5
SCARS,6
SCART,5
SCARY,5
SCATS,7
SCATT,5
SCAUP,5
SCAUR,7
SCENA,6
SCEND,6
SCENE,5
SCENT,6
SCHAV,5
SCHMO,5
SCHUL,5
SCHWA,5
SCION,7
SCOFF,5
SCOLD,6
SCONE,6
SCOOP,7
SCOOT,7
SCOPE,6
SCOPS,6
SCORE,7
SCORN,5
SCOTS,8
SCOUR,6
SCOUT,6
SCOWL,5
SCOWS,7
SCRAG,5
SCRAM,3
SCRAP,5
SCREE,6
SCREW,5
SCRIM,4
SCRIP,5
SCROD,5
SCRUB,5
SCRUM,4
SCUBA,6
SCUDI,5
SCUDO,6
SCUDS,5
SCUFF,7
SCULK,8
SCULL,8
SCULP,8
SCUMS,5
SCUPS,5
SCURF,6
SCUTA,6
SCUTE,6
SCUTS,6
SCUZZ,3
SEALS,7
SEAMS,4
SEAMY,2
SEARS,6
SEATS,7
SEBUM,5
SECCO,5
SECTS,6
SEDAN,6
SEDER,7
SEDGE,6
SEDGY,6
SEDUM,4
SEEDS,5
SEEDY,7
SEEKS,9
SEELS,6
SEELY,6
SEEMS,3
SEEPS,8
SEEPY,5
SEERS,5
SEGNI,6
SEGNO,6
SEGOS,7
SEGUE,4
SEIFS,6
SEINE,7
SEISE,6
SEISM,3
SEIZE,2
SELAH,6
SELFS,6
SELLE,7
SELLS,5
SELVA,6
SEMEN,2
SEMES,4
SEMIS,3
SENDS,4
SENGI,5
SENNA,5
SENOR,4
SENSA,4
SENSE,5
SENTE,6
SENTI,5
SEPAL,5
SEPIA,5
SEPIC,4
SEPOY,3
SEPTA,4
SEPTS,5
SERAC,7
SERAI,6
SERAL,6
SERED,6
SERER,6
SERES,4
SERFS,4
SERGE,4
SERIF,6
SERIN,5
SEROW,4
SERRY,4
SERUM,4
SERVE,4
SERVO,4
SETAE,5
SETAL,4
SETON,5
SETTS,4
SETUP,4
SEVEN,5
SEVER,5
SEWAN,4
SEWAR,4
SEWED,4
SEWER,4
SEXED,5
SEXES,6
SEXTO,4
SEXTS,4
SHACK,5
SHADE,6
SHADS,5
SHADY,6
SHAFT,5
SHAGS,5
SHAHS,5
SHAKE,7
SHAKO,5
SHAKY,6
SHALE,7
SHALL,5
SHALT,4
SHALY,5
SHAME,4
SHAMS,6
SHANK,4
SHAPE,6
SHARD,7
SHARE,6
SHARK,6
SHARN,5
SHARP,4
SHAUL,6
SHAVE,7
SHAWL,5
SHAWM,3
SHAWN,5
SHAWS,6
SHAYS,6
SHEAF,6
SHEAL,6
SHEAR,4
SHEAS,6
SHEDS,5
SHEEN,5
SHEEP,6
SHEER,5
SHEET,7
SHEIK,6
SHELF,5
SHELL,7
SHEND,5
SHENT,5
SHEOL,5
SHERD,4
SHEWN,4
SHEWS,5
SHIED,6
SHIEL,5
SHIER,6
SHIES,6
SHIFT,5
SHILL,5
SHILY,6
SHIMS,7
SHINE,6
SHINS,6
SHINY,5
SHIPS,7
SHIRE,6
SHIRK,6
SHIRR,5
SHIRT,5
SHIST,4
SHITS,8
SHIVA,5
SHIVE,7
SHIVS,5
SHLEP,5
SHLUB,5
SHOAL,4
SHOAT,4
SHOCK,6
SHOED,6
SHOER,4
SHOES,5
SHOGI,6
SHOGS,4
SHOJI,5
SHONE,6
SHOOK,6
SHOOL,5
SHOON,4
SHOOS,5
SHOOT,6
SHOPS,4
SHORE,6
SHORL,5
SHORN,4
SHORT,4
SHOTE,5
SHOTS,7
SHOTT,5
SHOUT,4
SHOVE,5
SHOWN,4
SHOWS,6
SHOWY,4
SHOYU,3
SHRED,5
SHREW,4
SHRIS,4
SHRUB,5
SHRUG,4
SHTIK,4
SHUCK,5
SHULN,4
SHULS,5
SHUNS,4
SHUNT,4
SHUSH,5
SHUTE,5
SHUTS,5
SHWAS,5
SHYER,4
SHYLY,6
SIALS,4
SIBBS,8
SIBYL,4
SICES,10
SICKO,6
SICKS,7
SIDED,5
SIDES,9
SIDHE,7
SIDLE,6
SIEGE,6
SIEUR,4
SIEVE,5
SIFTS,5
SIGHS,6
SIGHT,4
SIGIL,5
SIGLA,7
SIGMA,4
SIGNA,7
SIGNS,5
SIKAS,4
SIKER,4
SIKES,8
SILDS,8
SILEX,4
SILKS,7
SILKY,6
SILLS,6
SILLY,5
SILOS,5
SILTS,4
SILTY,5
SILVA,6
SIMAR,4
SIMAS,4
SIMPS,5
SINCE,7
SINES,7
SINEW,3
SINGE,6
SINGS,7
SINHS,6
SINKS,5
SINUS,4
SIPED,4
SIPES,6
SIRED,5
SIREE,4
SIREN,3
SIRES,5
SIRRA,5
SIRUP,6
SISAL,4
SISES,4
SISSY,3
SITAR,5
SITED,3
SITES,5
SITUP,5
SITUS,4
SIVER,3
SIXES,4
SIXMO,5
SIXTE,5
SIXTH,5
SIXTY,5
SIZAR,4
SIZED,3
SIZER,2
SIZES,3
SKAGS,6
SKALD,4
SKANK,7
SKATE,7
SKATS,6
SKEAN,7
SKEED,6
SKEEN,4
SKEES,5
SKEET,6
SKEGS,7
SKEIN,6
SKELL,6
SKELM,4
SKELP,5
SKENE,4
SKEPS,6
SKEWS,8
SKIDS,4
SKIED,5
SKIER,5
SKIES,5
SKIEY,4
SKIFF,6
SKILL,7
SKIMO,4
SKIMP,4
SKIMS,6
SKINK,7
SKINS,5
SKINT,5
SKIPS,6
SKIRL,6
SKIRR,5
SKIRT,5
SKITE,6
SKITS,7
SKIVE,5
SKOAL,6
SKORT,6
SKOSH,5
SKUAS,6
SKULK,8
SKULL,7
SKUNK,7
SKYED,3
SKYEY,4
SLABS,6
SLACK,6
SLAGS,5
SLAIN,5
SLAKE,6
SLAMS,5
SLANG,5
SLANK,6
SLANT,5
SLAPS,6
SLASH,5
SLATE,6
SLATS,5
SLATY,4
SLAVE,6
SLAWS,5
SLAYS,5
SLEDS,7
SLEEK,5
SLEEP,5
SLEET,5
SLEPT,5
SLEWS,7
SLICE,6
SLICK,6
SLIDE,6
SLIER,4
SLILY,6
SLIME,3
SLIMS,5
SLIMY,5
SLING,5
SLINK,6
SLIPE,6
SLIPS,5
SLIPT,6
SLITS,6
SLOBS,6
SLOES,4
SLOGS,5
SLOID,5
SLOJD,5
SLOOP,6
SLOPE,5
SLOPS,5
SLOSH,4
SLOTH,6
SLOTS,4
SLOWS,5
SLOYD,4
SLUBS,6
SLUED,6
SLUES,5
SLUFF,6
SLUGS,5
SLUMP,4
SLUMS,4
SLUNG,5
SLUNK,6
SLURB,6
SLURP,5
SLURS,6
SLUSH,4
SLUTS,4
SLYER,3
SLYLY,5
SLYPE,4
SMACK,6
SMALL,5
SMALT,4
SMARM,3
SMART,3
SMASH,4
SMAZE,2
SMEAR,4
SMEEK,2
SMELL,4
SMELT,3
SMERK,4
SMEWS,3
SMILE,3
SMIRK,3
SMITE,3
SMITH,5
SMOCK,4
SMOGS,4
SMOKE,3
SMOKY,3
SMOLT,4
SMOTE,3
SMUSH,4
SMUTS,3
SNACK,5
SNAFU,3
SNAGS,5
SNAIL,5
SNAKE,5
SNAKY,5
SNAPS,5
SNARE,5
SNARF,6
SNARK,5
SNARL,5
SNASH,4
SNATH,5
SNAWS,4
SNEAK,6
SNEAP,5
SNECK,5
SNEDS,6
SNEER,6
SNELL,5
SNIBS,5
SNICK,6
SNIDE,5
SNIFF,5
SNIPE,5
SNIPS,5
SNITS,4
SNOBS,5
SNOGS,5
SNOOD,4
SNOOK,6
SNOOL,5
SNOOP,5
SNOOT,6
SNORE,5
SNORT,5
SNOTS,6
SNOUT,5
SNOWS,4
SNOWY,3
SNUBS,5
SNUCK,6
SNUFF,5
SNUGS,4
SNYES,4
SOAKS,5
SOAPS,5
SOAPY,5
SOARS,5
SOAVE,7
SOBAS,9
SOBER,6
SOCAS,8
SOCKO,5
SOCKS,6
SOCLE,7
SODAS,7
SODDY,7
SODIC,5
SODOM,4
SOFAR,7
SOFAS,6
SOFTA,5
SOFTS,6
SOFTY,5
SOGGY,6
SOILS,4
SOJAS,5
SOKES,6
SOKOL,6
SOLAN,5
SOLAR,6
SOLDI,4
SOLDO,4
SOLED,5
SOLEI,4
SOLES,5
SOLID,4
SOLON,5
SOLOS,6
SOLUM,3
SOLUS,6
SOLVE,6
SOMAN,3
SOMAS,3
SONAR,5
SONDE,5
SONES,4
SONGS,4
SONIC,5
SONLY,6
SONNY,5
SONSY,3
SOOEY,3
SOOKS,5
SOOTH,5
SOOTS,5
SOOTY,4
SOPHS,4
SOPHY,5
SOPOR,5
SOPPY,4
SORAS,4
SORBS,6
SORDS,5
SORED,5
SOREL,4
SORER,5
SORES,4
SORGO,5
SORNS,4
SORRY,4
SORTA,5
SORTS,4
SORUS,4
SOTHS,4
SOTOL,5
SOUGH,4
SOUKS,6
SOULS,5
SOUND,6
SOUPS,5
SOUPY,5
SOURS,5
SOUSE,4
SOUTH,3
SOWAR,5
SOWED,4
SOWER,4
SOYAS,4
SOYUZ,2
SOZIN,3
SPACE,8
SPACY,5
SPADE,7
SPADO,4
SPAED,4
SPAES,5
SPAHI,3
SPAIL,4
SPAIT,5
SPAKE,6
SPALE,6
SPALL,6
SPAMS,4
SPANG,5
SPANK,5
SPANS,4
SPARE,6
SPARK,4
SPARS,4
SPASM,3
SPATE,5
SPATS,5
SPAWN,4
SPAYS,4
SPAZZ,3
SPEAK,6
SPEAN,6
SPEAR,4
SPECK,5
SPECS,5
SPEED,6
SPEEL,5
SPEER,5
SPEIL,5
SPEIR,3
SPELL,4
SPELT,4
SPEND,4
SPENT,4
SPERM,3
SPEWS,6
SPICA,4
SPICE,7
SPICK,7
SPICS,6
SPICY,7
SPIED,4
SPIEL,4
SPIER,3
SPIES,4
SPIFF,6
SPIKE,5
SPIKS,5
SPIKY,6
SPILE,6
SPILL,5
SPILT,5
SPINE,5
SPINS,4
SPINY,5
SPIRE,5
SPIRT,5
SPIRY,4
SPITE,5
SPITS,5
SPITZ,2
SPIVS,4
SPLAT,5
SPLAY,4
SPLIT,5
SPODE,5
SPOIL,5
SPOKE,4
SPOOF,8
SPOOK,7
SPOOL,6
SPOON,5
SPOOR,4
SPORE,4
SPORT,5
SPOTS,5
SPOUT,5
SPRAG,4
SPRAT,5
SPRAY,4
SPREE,4
SPRIG,4
SPRIT,5
SPRUE,4
SPRUG,4
SPUDS,5
SPUED,5
SPUES,5
SPUME,3
SPUMY,4
SPUNK,5
SPURN,4
SPURS,4
SPURT,5
SPUTA,6
SQUAB,6
SQUAD,5
SQUAT,5
SQUAW,4
SQUEG,4
SQUIB,5
SQUID,4
STABS,6
STACK,7
STADE,5
STAFF,7
STAGE,8
STAGS,5
STAGY,4
STAID,4
STAIG,6
STAIN,5
STAIR,4
STAKE,7
STALE,6
STALK,6
STALL,6
STAMP,3
STAND,4
STANE,5
STANG,6
STANK,5
STAPH,4
STARE,4
STARK,5
STARS,4
START,4
STASH,4
STATE,4
STATS,5
STAVE,4
STAYS,4
STEAD,6
STEAK,5
STEAL,5
STEAM,3
STEED,7
STEEK,6
STEEL,5
STEEP,4
STEER,4
STEIN,4
STELA,5
STELE,4
STEMS,3
STENO,3
STENT,3
STEPS,6
STERE,4
STERN,3
STETS,5
STEWS,5
STEWY,4
STICH,4
STICK,8
STIED,3
STIES,3
STIFF,7
STILE,6
STILL,6
STILT,6
STIME,2
STIMY,4
STING,7
STINK,6
STINT,5
STIPE,6
STIRK,5
STIRP,5
STIRS,3
STOAE,5
STOAI,4
STOAS,5
STOAT,5
STOBS,6
STOCK,6
STOGY,5
STOIC,5
STOKE,7
STOLE,6
STOMA,3
STOMP,4
STONE,5
STONY,4
STOOD,4
STOOK,6
STOOL,5
STOOP,5
STOPE,5
STOPS,5
STOPT,5
STORE,3
STORK,5
STORM,3
STORY,4
STOSS,5
STOTS,4
STOTT,5
STOUP,5
STOUR,5
STOUT,5
STOVE,4
STOWP,5
STOWS,4
STRAP,4
STRAW,5
STRAY,4
STREP,3
STREW,3
STRIA,4
STRIP,4
STROP,4
STROW,4
STROY,3
STRUM,3
STRUT,5
STUBS,7
STUCK,8
STUDS,6
STUDY,4
STUFF,7
STULL,6
STUMP,3
STUMS,3
STUNG,4
STUNK,5
STUNS,5
STUNT,4
STUPA,5
STUPE,4
STURT,5
STYED,2
STYES,3
STYLE,3
STYLI,3
STYMY,3
SUAVE,4
SUBAH,4
SUBAS,8
SUBER,6
SUCKS,7
SUCKY,5
SUCRE,4
SUDDS,6
SUDOR,5
SUDSY,3
SUEDE,3
SUERS,4
SUETS,4
SUETY,3
SUGAR,5
SUGHS,4
SUING,5
SUINT,4
SUITE,4
SUITS,4
SULCI,5
SULFA,6
SULFO,4
SULKS,6
SULKY,4
SULLY,4
SULUS,5
SUMAC,3
SUMMA,2
SUMOS,3
SUMPS,5
SUNNA,5
SUNNS,4
SUNNY,4
SUNUP,3
SUPER,5
SUPES,4
SUPRA,5
SURAH,3
SURAL,4
SURAS,4
SURDS,5
SURER,4
SURFS,4
SURFY,5
SURGE,3
SURGY,4
SURLY,3
SURRA,4
SUSHI,3
SUTRA,4
SUTTA,3
SWABS,6
SWAGE,5
SWAGS,5
SWAIL,5
SWAIN,4
SWALE,4
SWAMI,4
SWAMP,3
SWAMY,2
SWANG,6
SWANK,5
SWANS,4
SWAPS,4
SWARD,6
SWARE,4
SWARF,5
SWARM,2
SWART,4
SWASH,4
SWATH,4
SWATS,4
SWAYS,3
SWEAR,3
SWEAT,4
SWEDE,4
SWEEP,4
SWEER,3
SWEET,3
SWELL,3
SWEPT,3
SWIFT,4
SWIGS,4
SWILL,5
SWIMS,3
SWINE,5
SWING,6
SWINK,5
SWIPE,4
SWIRL,4
SWISH,4
SWISS,3
SWITH,3
SWIVE,3
SWOBS,4
SWOON,5
SWOOP,5
SWOPS,3
SWORD,5
SWORE,3
SWORN,4
SWOTS,4
SWOUN,4
SWUNG,3
SYCEE,3
SYCES,4
SYKES,3
SYLIS,5
SYLPH,4
SYLVA,5
SYNCH,5
SYNCS,4
SYNOD,4
SYNTH,3
SYPHS,3
SYREN,2
SYRUP,3
SYSOP,3
TABBY,7
TABER,4
TABES,10
TABID,5
TABLA,4
TABLE,5
TABOO,4
TABOR,4
TABUN,4
TABUS,6
TACES,9
TACET,5
TACHE,4
TACHS,9
TACIT,5
TACKS,7
TACKY,5
TACOS,8
TACTS,5
TAELS,5
TAFFY,6
TAFIA,5
TAHRS,5
TAIGA,5
TAILS,4
TAINS,5
TAINT,4
TAJES,8
TAKAS,5
TAKEN,6
TAKER,8
TAKES,7
TAKIN,5
TALAR,4
TALAS,6
TALCS,8
TALER,7
TALES,6
TALKS,6
TALKY,4
TALLS,7
TALLY,5
TALON,5
TALUK,4
TALUS,5
TAMAL,3
TAMED,4
TAMER,4
TAMES,3
TAMIS,4
TAMMY,4
TAMPS,4
TANGA,4
TANGO,4
TANGS,6
TANGY,5
TANKA,5
TANKS,5
TANSY,4
TANTO,5
TAPAS,5
TAPED,6
TAPER,6
TAPES,6
TAPIR,4
TAPIS,5
TARDO,5
TARDY,4
TARED,4
TARES,4
TARGE,5
TARNS,5
TAROC,6
TAROK,5
TAROS,5
TAROT,4
TARPS,4
TARRE,4
TARRY,3
TARSI,4
TARTS,4
TARTY,4
TASKS,4
TASSE,5
TASTE,4
TASTY,4
TATAR,4
TATER,6
TATES,4
TATTY,3
TAUNT,4
TAUON,3
TAUPE,5
TAUTS,5
TAWED,6
TAWER,5
TAWIE,5
TAWNY,4
TAWSE,3
TAXED,4
TAXER,4
TAXES,5
TAXIS,5
TAXOL,4
TAXON,5
TAXUS,4
TAZZA,3
TAZZE,3
TEACH,6
TEAKS,7
TEALS,6
TEAMS,4
TEARS,5
TEARY,5
TEASE,5
TEATS,5
TECHS,5
TECHY,7
TECTA,5
TEDDY,6
TEELS,8
TEEMS,3
TEENS,7
TEENY,4
TEETH,5
TEFFS,9
TEGGS,8
TEGUA,5
TEIID,6
TEIND,5
TELAE,6
TELCO,3
TELES,5
TELEX,4
TELIA,5
TELIC,4
TELLS,8
TELLY,5
TELOI,4
TELOS,7
TEMPI,4
TEMPO,3
TEMPS,2
TEMPT,2
TENCH,4
TENDS,6
TENDU,5
TENET,5
TENGE,5
TENIA,5
TENON,3
TENOR,3
TENSE,4
TENTH,4
TENTS,5
TENTY,4
TEPAL,5
TEPAS,5
TEPEE,4
TEPID,5
TEPOY,3
TERAI,5
TERCE,5
TERGA,5
TERMS,2
TERNE,4
TERNS,4
TERRA,4
TERRY,4
TERSE,4
TESLA,4
TESTA,4
TESTS,5
TESTY,3
TETHS,4
TETRA,4
TETRI,4
TEUCH,5
TEUGH,4
TEWED,4
TEXAS,4
TEXTS,3
THACK,4
THANE,5
THANK,4
THARM,3
THAWS,4
THEBE,4
THECA,5
THEFT,5
THEGN,5
THEIN,4
THEIR,5
THEME,3
THENS,4
THERE,4
THERM,3
THESE,4
THESP,3
THETA,4
THEWS,4
THEWY,4
THICK,4
THIEF,4
THIGH,4
THILL,4
THINE,4
THING,4
THINK,4
THINS,4
THIOL,4
THIRD,5
THIRL,4
THOLE,4
THONG,3
THORN,3
THORO,6
THORP,5
THOSE,4
THOUS,5
THRAW,5
THREE,4
THREW,4
THRIP,4
THROB,4
THROE,3
THROW,4
THRUM,3
THUDS,6
THUGS,5
THUJA,4
THUMB,3
THUMP,3
THUNK,4
THURL,3
THUYA,3
THYME,2
THYMI,3
THYMY,3
TIARA,4
TIBIA,5
TICAL,5
TICKS,7
TIDAL,4
TIDED,6
TIDES,7
TIERS,5
TIFFS,6
TIGER,7
TIGHT,4
TIGON,4
TIKES,6
TIKIS,5
TIKKA,4
TILAK,4
TILDE,5
TILED,5
TILER,6
TILES,5
TILLS,5
TILTH,4
TILTS,4
TIMED,4
TIMER,3
TIMES,4
TIMID,4
TINCT,4
TINEA,5
TINED,5
TINES,4
TINGE,4
TINGS,4
TINNY,5
TINTS,3
TIPIS,4
TIPPY,4
TIPSY,3
TIRED,5
TIRES,4
TIRLS,4
TIROS,3
TITAN,4
TITER,5
TITHE,4
TITIS,4
TITLE,5
TITRE,4
TITTY,4
TIZZY,3
TOADS,5
TOADY,4
TOAST,4
TODAY,4
TODDY,5
TOEAS,4
TOFFS,7
TOFFY,4
TOFTS,6
TOFUS,6
TOGAE,5
TOGAS,5
TOGUE,5
TOILE,5
TOILS,3
TOITS,4
TOKAY,3
TOKED,8
TOKEN,5
TOKER,7
TOKES,7
TOLAN,4
TOLAR,4
TOLAS,4
TOLED,7
TOLES,6
TOLLS,6
TOLUS,5
TOLYL,5
TOMAN,3
TOMBS,3
TOMES,3
TOMMY,3
TONAL,5
TONDI,4
TONDO,4
TONED,6
TONER,6
TONES,5
TONEY,4
TONGA,3
TONGS,5
TONIC,4
TONNE,7
TONUS,4
TOOLS,6
TOONS,5
TOOTH,5
TOOTS,5
TOPAZ,4
TOPED,5
TOPEE,4
TOPER,5
TOPES,4
TOPHE,6
TOPHI,6
TOPHS,5
TOPIC,5
TOPIS,3
TOPOI,5
TOPOS,4
TOQUE,5
TORAH,4
TORAS,7
TORCH,6
TORCS,6
TORES,3
TORIC,6
TORII,5
TOROS,5
TOROT,4
TORRS,4
TORSE,3
TORSI,4
TORSK,5
TORSO,4
TORTA,4
TORTE,3
TORTS,3
TORUS,4
TOTAL,4
TOTED,5
TOTEM,3
TOTER,5
TOTES,4
TOUCH,4
TOUGH,3
TOURS,4
TOUSE,3
TOUTS,4
TOWED,5
TOWEL,5
TOWER,5
TOWIE,4
TOWNS,3
TOWNY,4
TOXIC,4
TOXIN,4
TOYED,3
TOYER,3
TOYON,4
TOYOS,3
TRACE,5
TRACK,5
TRACT,6
TRADE,6
TRAGI,4
TRAIK,5
TRAIL,5
TRAIN,3
TRAIT,5
TRAMP,4
TRAMS,4
TRANK,5
TRANQ,4
TRANS,6
TRAPS,5
TRAPT,4
TRASH,3
TRASS,4
TRAVE,5
TRAWL,3
TRAYS,4
TREAD,5
TREAT,5
TREED,5
TREEN,4
TREES,4
TREKS,6
TREND,4
TRESS,5
TRETS,4
TREWS,4
TREYS,4
TRIAC,6
TRIAD,6
TRIAL,5
TRIBE,8
TRICE,7
TRICK,5
TRIED,4
TRIER,4
TRIES,3
TRIGO,3
TRIGS,5
TRIKE,6
TRILL,4
TRIMS,3
TRINE,5
TRIOL,4
TRIOS,4
TRIPE,4
TRIPS,3
TRITE,4
TROAK,7
TROCK,6
TRODE,8
TROGS,4
TROIS,3
TROKE,7
TROLL,5
TROMP,3
TRONA,3
TRONE,6
TROOP,4
TROOZ,3
TROPE,5
TROTH,3
TROTS,3
TROUT,4
TROVE,4
TROWS,3
TROYS,3
TRUCE,4
TRUCK,5
TRUED,5
TRUER,5
TRUES,4
TRUGS,4
TRULL,4
TRULY,3
TRUMP,3
TRUNK,3
TRUSS,3
TRUST,4
TRUTH,3
TRYMA,3
TRYST,3
TSADE,4
TSADI,3
TSARS,4
TSKED,4
TSUBA,4
TUBAE,6
TUBAL,4
TUBAS,6
TUBBY,4
TUBED,4
TUBER,3
TUBES,7
TUCKS,5
TUFAS,5
TUFFS,6
TUFTS,4
TUFTY,4
TULES,6
TULIP,4
TULLE,5
TUMID,3
TUMMY,3
TUMOR,3
TUMPS,4
TUNAS,4
TUNED,5
TUNER,5
TUNES,5
TUNGS,5
TUNIC,5
TUNNY,3
TUPIK,5
TUQUE,4
TURBO,4
TURDS,7
TURFS,6
TURFY,3
TURKS,5
TURNS,4
TURPS,3
TUSHY,3
TUSKS,4
TUTEE,5
TUTOR,5
TUTTI,4
TUTTY,3
TUTUS,4
TUXES,4
TUYER,3
TWAES,3
TWAIN,3
TWANG,3
TWATS,3
TWEAK,4
TWEED,6
TWEEN,5
TWEET,4
TWERP,4
TWICE,5
TWIER,4
TWIGS,4
TWILL,4
TWINE,4
TWINS,3
TWINY,4
TWIRL,4
TWIRP,3
TWIST,3
TWITS,3
TWIXT,3
TWYER,4
TYEES,7
TYERS,2
TYING,4
TYIYN,3
TYKES,6
TYNED,5
TYNES,5
TYPAL,3
TYPED,4
TYPES,4
TYPEY,3
TYPIC,4
TYPOS,4
TYPPS,4
TYRED,3
TYRES,3
TYROS,3
TYTHE,2
TZARS,2
UDDER,7
UDONS,5
UHLAN,5
UKASE,4
ULAMA,4
ULANS,7
ULCER,4
ULEMA,3
ULNAD,5
ULNAE,5
ULNAR,4
ULNAS,6
ULPAN,5
ULTRA,4
ULVAS,4
UMAMI,3
UMBEL,4
UMBER,3
UMBOS,3
UMBRA,4
UMIAC,6
UMIAK,5
UMIAQ,4
UMPED,2
UNAIS,4
UNAPT,6
UNARM,4
UNARY,3
UNAUS,6
UNBAN,5
UNBAR,4
UNBID,4
UNBOX,4
UNCAP,5
UNCIA,7
UNCLE,5
UNCOS,5
UNCOY,4
UNCUS,5
UNCUT,4
UNDEE,4
UNDER,6
UNDID,4
UNDUE,5
UNFED,7
UNFIT,5
UNFIX,6
UNGOT,3
UNHAT,5
UNHIP,5
UNIFY,3
UNION,4
UNITE,5
UNITS,3
UNITY,3
UNJAM,3
UNLAY,3
UNLED,6
UNLET,5
UNLIT,5
UNMAN,3
UNMET,3
UNMEW,3
UNMIX,3
UNPEG,6
UNPEN,5
UNPIN,4
UNRIG,3
UNRIP,3
UNSAY,3
UNSET,4
UNSEW,3
UNSEX,4
UNTIE,4
UNTIL,4
UNWED,6
UNWET,5
UNWIT,4
UNWON,3
UNZIP,4
UPBOW,3
UPBYE,3
UPDOS,4
UPDRY,3
UPEND,5
UPLIT,4
UPPED,5
UPPER,5
UPSET,3
URAEI,4
URARE,4
URARI,5
URASE,3
URATE,4
URBAN,3
URBIA,4
UREAL,4
UREAS,4
UREDO,4
UREIC,4
URGED,5
URGER,4
URGES,3
URIAL,3
URINE,4
URPED,4
URSAE,3
URSID,3
USAGE,4
USERS,3
USHER,3
USING,3
USNEA,3
USQUE,3
USUAL,4
USURP,3
USURY,3
UTERI,4
UTILE,4
UTTER,5
UVEAL,4
UVEAS,3
UVULA,4
VACUA,4
VAGAL,4
VAGUE,5
VAGUS,4
VAILS,4
VAIRS,3
VAKIL,5
VALES,7
VALET,5
VALID,4
VALOR,4
VALSE,3
VALUE,5
VALVE,4
VAMPS,3
VAMPY,4
VANDA,4
VANED,5
VANES,6
VANGS,4
VAPID,5
VAPOR,4
VARAS,4
VARIA,5
VARIX,4
VARNA,3
VARUS,3
VARVE,3
VASAL,4
VASES,5
VASTS,4
VASTY,3
VATIC,4
VATUS,3
VAULT,4
VAUNT,3
VEALS,6
VEALY,4
VEENA,5
VEEPS,6
VEERS,4
VEERY,3
VEGAN,4
VEGES,5
VEGIE,5
VEILS,5
VEINS,5
VEINY,3
VELAR,4
VELDS,5
VELDT,4
VELUM,3
VENAE,6
VENAL,6
VENDS,4
VENGE,5
VENIN,5
VENOM,3
VENTS,4
VENUE,4
VENUS,3
VERBS,4
VERGE,4
VERSE,4
VERSO,3
VERST,3
VERTS,3
VERTU,4
VERVE,3
VESTA,3
VESTS,4
VETCH,4
VEXED,4
VEXER,3
VEXES,4
VEXIL,3
VIALS,4
VIAND,3
VIBES,6
VICAR,4
VICED,3
VICES,5
VICHY,4
VIDEO,5
VIERS,4
VIEWS,4
VIEWY,3
VIGAS,6
VIGIA,4
VIGIL,3
VIGOR,4
VILER,5
VILLA,4
VILLI,4
VILLS,5
VIMEN,3
VINAL,4
VINAS,5
VINCA,4
VINED,4
VINES,4
VINIC,3
VINOS,5
VINYL,4
VIOLA,4
VIOLS,4
VIPER,4
VIRAL,4
VIREO,4
VIRES,3
VIRGA,3
VIRID,4
VIRLS,4
VIRTU,3
VIRUS,3
VISAS,4
VISED,3
VISES,3
VISIT,4
VISOR,4
VISTA,3
VITAE,4
VITAL,4
VITTA,4
VIVAS,3
VIVID,4
VIXEN,4
VIZIR,4
VIZOR,3
VOCAB,4
VOCAL,4
VOCES,5
VODKA,4
VODOU,4
VODUN,3
VOGIE,5
VOGUE,4
VOICE,5
VOIDS,3
VOILA,4
VOILE,5
VOLAR,3
VOLED,5
VOLES,4
VOLTA,4
VOLTE,4
VOLTI,4
VOLTS,3
VOLVA,3
VOMER,3
VOMIT,3
VOTED,4
VOTER,4
VOTES,3
VOUCH,3
VOWED,5
VOWEL,4
VOWER,4
VROOM,3
VROUW,3
VROWS,3
VUGGS,4
VUGGY,3
VUGHS,3
VULGO,3
VULVA,3
VYING,3
WACKE,4
WACKO,5
WACKS,7
WACKY,5
WADDY,4
WADED,10
WADER,11
WADES,9
WADIS,4
WAFER,10
WAFFS,7
WAFTS,7
WAGED,9
WAGER,9
WAGES,8
WAGON,4
WAHOO,4
WAIFS,6
WAILS,5
WAINS,4
WAIRS,4
WAIST,4
WAITS,4
WAIVE,4
WAKED,8
WAKEN,5
WAKER,8
WAKES,7
WALED,7
WALER,7
WALES,6
WALKS,5
WALLA,4
WALLS,6
WALLY,4
WALTZ,3
WAMES,2
WAMUS,4
WANDS,6
WANED,6
WANES,5
WANEY,5
WANKS,6
WANLY,3
WANTS,4
WARDS,6
WARED,4
WARES,3
WARKS,4
WARMS,3
WARNS,5
WARPS,4
WARTS,4
WARTY,3
WASHY,4
WASPS,5
WASPY,4
WASTE,3
WASTS,6
WATAP,5
WATCH,5
WATER,6
WATTS,5
WAUGH,3
WAUKS,5
WAULS,5
WAVED,5
WAVER,5
WAVES,4
WAVEY,5
WAWLS,4
WAXED,5
WAXEN,4
WAXER,3
WAXES,3
WAZOO,3
WEALD,5
WEALS,6
WEANS,6
WEARS,4
WEARY,8
WEAVE,5
WEBBY,7
WEBER,3
WECHT,4
WEDEL,3
WEDGE,4
WEDGY,6
WEEDS,6
WEEDY,6
WEEKS,7
WEENS,5
WEENY,5
WEEPS,7
WEEPY,5
WEEST,3
WEETS,6
WEFTS,5
WEIGH,4
WEIRD,3
WEIRS,3
WEKAS,6
WELCH,4
WELDS,5
WELLS,5
WELLY,4
WELSH,4
WELTS,4
WENCH,3
WENDS,4
WENNY,4
WESTS,3
WETLY,3
WHACK,4
WHALE,4
WHAMO,3
WHAMS,4
WHANG,3
WHAPS,5
WHARF,5
WHATS,4
WHAUP,4
WHEAL,5
WHEAT,4
WHEEL,5
WHEEN,4
WHEEP,3
WHELK,5
WHELM,2
WHELP,4
WHENS,5
WHERE,4
WHETS,4
WHEWS,3
WHEYS,3
WHICH,5
WHIDS,6
WHIFF,5
WHIGS,5
WHILE,5
WHIMS,3
WHINE,4
WHINS,4
WHINY,5
WHIPS,3
WHIPT,5
WHIRL,5
WHIRR,4
WHIRS,3
WHISH,4
WHISK,5
WHIST,4
WHITE,4
WHITS,3
WHITY,4
WHIZZ,2
WHOLE,4
WHOMP,3
WHOOF,5
WHOOP,4
WHOPS,4
WHORE,4
WHORL,4
WHORT,4
WHOSE,3
WHOSO,4
WHUMP,2
WHUPS,4
WICCA,4
WICKS,6
WIDDY,5
WIDEN,5
WIDER,6
WIDES,10
WIDOW,4
WIDTH,4
WIELD,4
WIFED,9
WIFES,9
WIFEY,5
WIFTY,4
WIGAN,3
WIGGY,5
WIGHT,3
WILCO,4
WILDS,6
WILED,8
WILES,8
WILLS,5
WILLY,4
WILTS,4
WIMPS,3
WIMPY,4
WINCE,4
WINCH,4
WINDS,7
WINDY,5
WINED,7
WINES,7
WINEY,4
WINGS,6
WINGY,4
WINKS,5
WINOS,4
WINZE,2
WIPED,6
WIPER,5
WIPES,6
WIRED,4
WIRER,4
WIRES,3
WIRRA,4
WISED,3
WISER,2
WISES,5
WISHA,3
WISPS,3
WISPY,3
WISTS,3
WITAN,3
WITCH,4
WITED,5
WITES,4
WITHE,3
WITHY,3
WITTY,3
WIVED,4
WIVER,4
WIVES,3
WIZEN,2
WIZES,2
WOADS,6
WOALD,3
WODGE,3
WOFUL,3
WOKEN,6
WOLDS,6
WOLFS,5
WOMAN,2
WOMBS,2
WOMBY,3
WOMEN,2
WOMYN,3
WONKS,4
WONKY,4
WONTS,3
WOODS,6
WOODY,4
WOOED,5
WOOER,4
WOOFS,5
WOOLS,4
WOOLY,3
WOOPS,3
WOOSH,3
WOOZY,2
WORDS,4
WORDY,4
WORKS,3
WORLD,4
WORMS,2
WORMY,2
WORRY,3
WORSE,3
WORST,4
WORTH,3
WORTS,3
WOULD,3
WOUND,3
WOVEN,5
WOWED,4
WRACK,5
WRANG,5
WRAPS,3
WRAPT,4
WRATH,4
WREAK,5
WRECK,4
WRENS,3
WREST,2
WRICK,4
WRIED,4
WRIER,3
WRIES,2
WRING,4
WRIST,3
WRITE,3
WRITS,2
WRONG,3
WROTE,3
WROTH,3
WRUNG,2
WRYER,3
WRYLY,3
WURST,3
WUSHU,2
WUSSY,2
WYLED,3
WYLES,3
WYNDS,4
WYNNS,3
WYTED,2
WYTES,2
XEBEC,2
XENIA,4
XENIC,3
XENON,3
XERIC,3
XEROX,2
XERUS,2
XYLAN,3
XYLEM,2
XYLOL,3
XYLYL,2
XYSTI,2
XYSTS,2
YABBY,5
YACHT,3
YACKS,5
YAFFS,6
YAGER,4
YAGIS,5
YAHOO,5
YAIRD,3
YAMEN,2
YAMUN,3
YANGS,5
YANKS,4
YAPOK,5
YAPON,4
YARDS,5
YARER,3
YARNS,4
YAUDS,4
YAULD,3
YAUPS,3
YAWED,3
YAWEY,3
YAWLS,4
YAWNS,5
YAWPS,4
YCLAD,3
YEAHS,7
YEANS,8
YEARN,5
YEARS,7
YEAST,3
YECCH,5
YECHS,6
YECHY,4
YEGGS,5
YELKS,4
YELLS,5
YELPS,4
YENTA,5
YENTE,3
YERBA,4
YERKS,3
YESES,5
YETIS,4
YETTS,3
YEUKS,2
YEUKY,3
YIELD,3
YIKES,5
YILLS,4
YINCE,3
YIPES,4
YIRDS,4
YIRRS,3
YIRTH,3
YLEMS,2
YOBBO,5
YOCKS,6
YODEL,3
YODHS,6
YODLE,3
YOGAS,6
YOGEE,4
YOGHS,5
YOGIC,4
YOGIN,4
YOGIS,5
YOKED,3
YOKEL,3
YOKES,5
YOLKS,4
YOLKY,4
YOMIM,3
YONIC,3
YONIS,4
YORES,4
YOUNG,3
YOURN,3
YOURS,3
YOUSE,2
YOUTH,3
YOWED,2
YOWES,3
YOWIE,2
YOWLS,3
YUANS,4
YUCAS,4
YUCCA,3
YUCCH,4
YUCKS,4
YUCKY,5
YUGAS,3
YUKKY,4
YULAN,3
YULES,2
YUMMY,2
YUPON,4
YUPPY,3
YURTA,2
YURTS,2
ZAIRE,3
ZAMIA,3
ZANZA,3
ZAPPY,4
ZARFS,4
ZAXES,3
ZAYIN,3
ZAZEN,3
ZEALS,3
ZEBEC,4
ZEBRA,3
ZEBUS,6
ZEINS,5
ZERKS,4
ZEROS,3
ZESTS,3
ZESTY,2
ZETAS,3
ZIBET,3
ZILCH,3
ZILLS,5
ZINCS,5
ZINCY,6
ZINEB,3
ZINES,3
ZINGS,4
ZINGY,5
ZINKY,4
ZIPPY,3
ZIRAM,3
ZITIS,3
ZIZIT,3
ZLOTE,3
ZLOTY,3
ZOEAE,4
ZOEAL,3
ZOEAS,2
ZOMBI,2
ZONAE,3
ZONAL,3
ZONED,3
ZONER,2
ZONES,2
ZONKS,4
ZOOEY,2
ZOOID,3
ZOOKS,3
ZOOMS,2
ZOONS,4
ZOOTY,2
ZORIL,2
ZORIS,3
ZOUKS,2
ZOWIE,2
ZUZIM,2
ZYMES,1
